2017-02-03,8796.75,8756,8799.25,8724.75,-,0.60%
2017-02-02,8743.95,8730,8773.8,8697.3,10.31M,0.07%
2017-02-01,8737.9,8600.15,8747.45,8555,19.23M,1.79%
2017-01-31,8584.3,8639.8,8639.8,8576.25,11.34M,-0.82%
2017-01-30,8655.35,8645,8681.95,8636.35,6.84M,-0.18%
2017-01-27,8671.1,8649.95,8698.15,8641.1,9.36M,0.15%
2017-01-26,8658.5,8660.75,8698.75,8643.5,-,0.65%
2017-01-25,8602.75,8504.9,8606.4,8496.3,14.32M,1.44%
2017-01-24,8480.5,8421.4,8488,8416,13.40M,0.93%
2017-01-23,8402.4,8343.5,8418,8333.4,11.65M,0.48%
2017-01-20,8362.65,8400,8434,8352.2,10.68M,-0.95%
2017-01-19,8442.95,8422,8454,8409,5.97M,0.16%
2017-01-18,8429.35,8426,8468.95,8406.05,8.81M,0.25%
2017-01-17,8408.5,8433.9,8448,8392.5,7.29M,-0.28%
2017-01-16,8431.7,8404,8444,8385.05,6.14M,0.17%
2017-01-13,8417.7,8454.9,8457,8388.2,7.50M,0.00%
2017-01-12,8418,8403.2,8424,8386.05,8.12M,0.37%
2017-01-11,8387.2,8335,8399.8,8324,8.68M,1.13%
2017-01-10,8293.85,8274.8,8298.75,8260,5.96M,0.53%
2017-01-09,8249.9,8266,8272.4,8241.1,4.70M,-0.21%
2017-01-06,8267.65,8305.55,8329.6,8256.5,8.37M,-0.25%
2017-01-05,8288.2,8254.7,8298.7,8236.15,10.79M,1.03%
2017-01-04,8204.05,8202.25,8223.4,8187.3,6.80M,0.09%
2017-01-03,8196.5,8200,8228,8159,8.51M,0.05%
2017-01-02,8192.1,8215.05,8218.8,8151,8.36M,0.06%
2016-12-30,8187.4,8136.6,8207.1,8130,8.62M,1.03%
2016-12-29,8103.6,8028,8109,8025,11.56M,0.90%
2016-12-28,8031.35,8044,8100,8024,13.57M,0.00%
2016-12-27,8031.35,7920,8045.45,7906.6,13.37M,1.52%
2016-12-26,7911.3,7970,7970,7896.35,9.70M,-1.05%
2016-12-23,7995,7975,8037.35,7953,10.47M,-0.02%
2016-12-22,7996.85,8054.1,8066.95,7975.15,10.95M,-1.04%
2016-12-21,8080.65,8120.5,8124.5,8073.05,5.81M,-0.24%
2016-12-20,8099.9,8125,8134.4,8072,7.83M,-0.30%
2016-12-19,8124.15,8132.25,8148.7,8112.55,4.80M,-0.27%
2016-12-16,8146.5,8189,8189,8135,8.06M,-0.32%
2016-12-15,8173.05,8129,8264,8123.6,14.13M,-0.30%
2016-12-14,8197.65,8229,8229,8172,7.54M,-0.36%
2016-12-13,8227.45,8189.95,8243.85,8172.3,7.22M,0.54%
2016-12-12,8183.4,8250,8250.9,8164.05,8.77M,-1.13%
2016-12-09,8277,8275.15,8294,8255.65,6.84M,0.26%
2016-12-08,8255.65,8176,8267.75,8176,10.91M,1.63%
2016-12-07,8123.35,8188.25,8218.8,8095,10.66M,-0.56%
2016-12-06,8169.05,8173,8219,8157.1,7.50M,0.05%
2016-12-05,8164.9,8092.1,8175,8076.1,9.41M,0.69%
2016-12-02,8108.9,8164.8,8190,8092,12.01M,-1.26%
2016-12-01,8212,8259,8272.5,8205.05,7.93M,-0.59%
2016-11-30,8260.35,8186.55,8270.75,8166.4,10.61M,1.08%
2016-11-29,8172.05,8155,8219.9,8147,10.05M,0.26%
2016-11-28,8150.6,8088.25,8168.45,8078.25,9.01M,0.30%
2016-11-25,8126.35,8033.95,8138.7,8006,12.17M,2.02%
2016-11-24,7965.5,7987,8018.65,7947.25,16.41M,-0.74%
2016-11-23,8024.85,8050.05,8058,7972.2,14.22M,0.23%
2016-11-22,8006.8,7996.35,8022,7940,14.33M,0.85%
2016-11-21,7939.2,8100,8109,7921,16.74M,-1.68%
2016-11-18,8074.7,8097.85,8139,8055.4,11.42M,-0.17%
2016-11-17,8088.35,8075.25,8168,8040.1,12.45M,-0.37%
2016-11-16,8118.55,8205.15,8225,8095.25,14.68M,-0.26%
2016-11-15,8139.55,8279,8287.75,8124,19.07M,-0.63%
2016-11-14,8191.5,8222.25,8286.25,8171,-,-1.64%
2016-11-11,8327.95,8430,8475.5,8315.85,18.56M,-2.64%
2016-11-10,8553.35,8515.55,8614,8515.55,13.88M,1.07%
2016-11-09,8462.7,8102.25,8493.5,8076,34.34M,-1.21%
2016-11-08,8566.55,8542.25,8589,8507.5,8.75M,0.55%
2016-11-07,8520,8519,8560,8503.5,8.40M,0.73%
2016-11-04,8458.2,8496.55,8530,8425.55,12.45M,-0.70%
2016-11-03,8517.9,8519,8565.95,8505.35,9.02M,-0.29%
2016-11-02,8542.6,8568,8579,8531.3,10.20M,-1.26%
2016-11-01,8651.75,8639,8704.6,8633.25,8.15M,0.35%
2016-10-31,8621.5,8602,8643,8593.25,-,-0.53%
2016-10-28,8667.4,8626,8682,8605,9.86M,0.61%
2016-10-27,8615.25,8587.35,8623.55,8546.85,14.69M,-0.02%
2016-10-26,8616.75,8662.25,8669,8585.55,12.52M,-0.96%
2016-10-25,8700.35,8715.6,8715.6,8661,11.61M,-0.23%
2016-10-24,8720.25,8718,8748,8690.1,8.61M,0.23%
2016-10-21,8700.35,8700,8710.3,8655,7.88M,-0.06%
2016-10-20,8705.15,8695.25,8728.2,8675.75,9.06M,0.46%
2016-10-19,8665.25,8690,8696.5,8640.5,7.83M,-0.17%
2016-10-18,8679.85,8561,8687,8560.05,12.05M,1.83%
2016-10-17,8523.9,8608,8612,8507.35,10.92M,-0.94%
2016-10-14,8605.1,8590,8613.85,8565.05,9.06M,0.29%
2016-10-13,8580.45,8677.75,8677.75,8551,14.48M,-1.49%
2016-10-12,8710.25,8709.25,8733.25,8692.5,-,0.11%
2016-10-11,8700.5,8770.25,8782.75,8684.75,-,-0.45%
2016-10-10,8739.95,8746.4,8775.9,8732.15,5.32M,0.20%
2016-10-07,8722.75,8737.5,8747.75,8691.3,8.93M,-0.10%
2016-10-06,8731.35,8797,8815,8711,10.23M,-0.50%
2016-10-05,8775.35,8815.2,8837.75,8750,8.26M,-0.28%
2016-10-04,8799.7,8790.1,8820,8765,10.77M,0.23%
2016-10-03,8779.1,8682,8788,8656.25,12.16M,1.60%
2016-09-30,8640.65,8607.8,8669.35,8593.3,13.65M,0.58%
2016-09-29,8591.25,8801.25,8801.95,8562.05,23.14M,-1.91%
2016-09-28,8758.45,8710,8783.9,8706,10.88M,0.48%
2016-09-27,8716.55,8765,8776.35,8697.9,14.09M,-0.21%
2016-09-26,8735.15,8813.8,8821.6,8726.7,15.85M,-1.23%
2016-09-23,8843.65,8885.25,8889.35,8830.1,7.17M,-0.46%
2016-09-22,8884.45,8880.25,8918,8861.05,10.81M,0.88%
2016-09-21,8806.95,8814,8856.6,8784.9,9.61M,0.00%
2016-09-20,8807.2,8806.65,8820,8786.1,6.66M,-0.28%
2016-09-19,8832.1,8811.9,8848.4,8798.85,6.23M,0.27%
2016-09-16,8808.2,8808,8878.8,8769.5,13.50M,0.40%
2016-09-15,8773.5,8764.1,8784,8728,7.55M,0.06%
2016-09-14,8768.55,8736.3,8779.8,8717.3,8.62M,0.57%
2016-09-13,8718.5,8798.75,8807.75,8711.75,-,-0.27%
2016-09-12,8742.35,8805.25,8805.25,8727,13.89M,-1.81%
2016-09-09,8903.75,8962,8962,8890.5,10.60M,-0.88%
2016-09-08,8982.55,8953.1,8994.5,8933.8,6.98M,0.34%
2016-09-07,8952.1,8975.6,8989.5,8942.1,7.68M,-0.10%
2016-09-06,8961.2,8891,8969.1,8886.25,8.03M,0.60%
2016-09-05,8907.75,8899.25,8930.75,8893.75,-,0.76%
2016-09-02,8840.15,8811.8,8847.1,8793.6,7.15M,0.36%
2016-09-01,8808.35,8833.5,8854.7,8790.95,8.19M,-0.31%
2016-08-31,8836.15,8791,8863.7,8789.45,12.26M,0.47%
2016-08-30,8794.6,8680,8804.45,8668,13.26M,1.67%
2016-08-29,8649.75,8609.9,8669.8,8578,10.55M,0.29%
2016-08-26,8625,8645.05,8664.95,8596.2,9.75M,0.38%
2016-08-25,8592.2,8679.95,8685,8585.95,14.57M,-0.72%
2016-08-24,8654.65,8640.25,8682.95,8617.1,11.56M,0.15%
2016-08-23,8641.75,8621.25,8655,8591.25,17.24M,0.10%
2016-08-22,8633.2,8680.5,8693.8,8616,14.79M,-0.51%
2016-08-19,8677.25,8692.4,8703,8650,7.00M,-0.09%
2016-08-18,8685.1,8655.2,8713.95,8655.2,9.74M,0.62%
2016-08-17,8631.4,8650.25,8689.55,8610.5,9.52M,-0.33%
2016-08-16,8659.9,8695.35,8706.25,8601,10.53M,-0.78%
2016-08-15,8727.75,8693.75,8734.25,8693.75,-,0.57%
2016-08-12,8678.4,8614,8702.5,8613.95,10.51M,0.77%
2016-08-11,8612.45,8595,8630,8565,10.01M,0.17%
2016-08-10,8598.05,8717.15,8724,8590,11.89M,-1.20%
2016-08-09,8702.55,8739.8,8751.7,8661.7,9.10M,-0.45%
2016-08-08,8742.3,8748.5,8760,8726.45,6.69M,0.39%
2016-08-05,8708.2,8632.65,8717,8631.6,10.80M,1.32%
2016-08-04,8594.4,8625.25,8631,8547.6,10.74M,0.14%
2016-08-03,8582.55,8641,8649.25,8568,12.72M,-0.90%
2016-08-02,8660.3,8676,8736.05,8638,9.16M,-0.25%
2016-08-01,8682,8702.2,8747,8624.45,12.13M,-0.05%
2016-07-29,8686.6,8708,8744.7,8668.5,8.07M,0.23%
2016-07-28,8666.3,8625.5,8667.9,8615.05,11.92M,0.60%
2016-07-27,8614.75,8602.1,8667.5,8566.05,15.56M,0.25%
2016-07-26,8592.85,8602.1,8652.05,8576.55,13.71M,-0.54%
2016-07-25,8639.7,8545,8645.6,8530.75,13.50M,1.00%
2016-07-22,8554.3,8527.15,8563.9,8500.5,9.05M,0.41%
2016-07-21,8519.75,8888,8888,8511.7,9.19M,-0.75%
2016-07-20,8584.15,8549.9,8591.65,8542.5,7.14M,0.51%
2016-07-19,8540.45,8525,8555,8485.6,11.27M,0.23%
2016-07-18,8520.5,8571.5,8604,8510,9.42M,-0.40%
2016-07-15,8554.85,8589.9,8605,8525,11.06M,-0.25%
2016-07-14,8576.55,8521,8584,8509.55,7.88M,0.66%
2016-07-13,8520.05,8539.95,8545,8501.1,7.80M,-0.10%
2016-07-12,8528.75,8512.1,8534.55,8492,8.19M,0.46%
2016-07-11,8489.4,8432.75,8496,8422.35,11.18M,1.83%
2016-07-08,8336.45,8350,8353,8295.05,9.86M,-0.26%
2016-07-07,8358.3,8347.7,8392,8330.05,7.61M,0.32%
2016-07-06,8331.5,8311.25,8334.5,8271.75,-,-0.27%
2016-07-05,8354,8381,8382.5,8342,8.38M,-0.40%
2016-07-04,8387.35,8385.1,8415,8376,8.05M,0.39%
2016-07-01,8355.15,8310,8378,8310,9.20M,0.81%
2016-06-30,8287.75,8255,8310,8238.2,16.67M,1.01%
2016-06-29,8204.5,8162.5,8214.8,8155.75,11.65M,0.84%
2016-06-28,8136.05,8090,8158.9,8085,12.46M,0.39%
2016-06-27,8104.6,8050.1,8130,8048,14.87M,0.22%
2016-06-24,8086.9,8125,8125,7927.1,31.88M,-2.36%
2016-06-23,8282.25,8206.1,8307.15,8190.15,10.83M,0.94%
2016-06-22,8205.05,8226.85,8253.25,8154,10.55M,-0.24%
2016-06-21,8225.1,8251.15,8253,8205.8,7.62M,-0.32%
2016-06-20,8251.9,8106,8262,8106,15.06M,0.95%
2016-06-17,8174.4,8200,8221.2,8151.3,11.42M,0.19%
2016-06-16,8158.75,8185.35,8194,8085,17.71M,-0.76%
2016-06-15,8221.35,8105.1,8232.4,8105.1,11.63M,1.24%
2016-06-14,8120.55,8130.55,8138.45,8076,12.03M,-0.12%
2016-06-13,8130.65,8124,8147,8082.2,13.02M,-0.73%
2016-06-10,8190.4,8202.2,8299,8171.1,15.51M,-0.47%
2016-06-09,8229.35,8285.1,8291,8200.05,10.47M,-0.66%
2016-06-08,8284.2,8290.05,8299,8262.05,6.44M,0.01%
2016-06-07,8283.15,8266,8318.9,8230.05,11.46M,0.65%
2016-06-06,8229.8,8248,8256.65,8205.8,6.55M,-0.11%
2016-06-03,8238.9,8261.1,8276.95,8226.05,8.39M,-0.05%
2016-06-02,8243.25,8187.75,8254,8161.35,10.41M,0.59%
2016-06-01,8194.55,8200,8224.9,8178.3,9.41M,0.04%
2016-05-31,8190.9,8225,8229.45,8156.3,10.81M,-0.04%
2016-05-30,8194.3,8211.5,8222.75,8172.4,8.64M,0.27%
2016-05-27,8172.45,8091.1,8181.7,8087.1,13.69M,1.27%
2016-05-26,8069.65,7965.25,8074.65,7951.05,15.62M,1.59%
2016-05-25,7943,7802.65,7949.9,7802.65,19.06M,2.37%
2016-05-24,7759.3,7736,7769.5,7722.8,11.33M,0.19%
2016-05-23,7744.85,7782.55,7816,7736.65,14.44M,-0.24%
2016-05-20,7763.35,7790.3,7828,7753.35,12.17M,-0.28%
2016-05-19,7785.1,7864.95,7872.55,7775.25,14.51M,-1.20%
2016-05-18,7879.3,7856.75,7927,7811.4,14.71M,-0.36%
2016-05-17,7907.6,7920,7957.8,7896,11.51M,0.26%
2016-05-16,7887.2,7840,7898.1,7780.1,14.01M,0.72%
2016-05-13,7830.55,7891.2,7891.8,7787.3,15.89M,-1.23%
2016-05-12,7928.2,7886,7939.4,7860.4,12.94M,0.79%
2016-05-11,7865.85,7810.35,7909.9,7798.2,18.36M,-0.68%
2016-05-10,7919.75,7894,7933.55,7867.15,10.75M,0.20%
2016-05-09,7904.3,7794.9,7912.2,7775,15.18M,1.86%
2016-05-06,7760.25,7733.7,7770.6,7700.95,10.94M,-0.17%
2016-05-05,7773.1,7741,7817.5,7733,13.97M,0.52%
2016-05-04,7732.75,7755,7789,7725,12.24M,-0.66%
2016-05-03,7783.8,7848.75,7949.95,7770.1,18.41M,-0.72%
2016-05-02,7840.1,7858.2,7874.45,7805.1,11.14M,-0.69%
2016-04-29,7894.8,7887,7950,7831.1,15.61M,0.61%
2016-04-28,7847.25,7970.5,8000,7843,18.17M,-1.79%
2016-04-27,7990.35,7952.3,7997.95,7949.5,10.12M,0.14%
2016-04-26,7979.15,7834.5,7992.45,7832.7,17.69M,1.45%
2016-04-25,7865,7905,7908.8,7831.1,11.19M,-0.58%
2016-04-22,7911.15,7895,7941.9,7881.45,9.80M,-0.03%
2016-04-21,7913.35,7972.2,7984.5,7885.1,12.23M,-0.21%
2016-04-20,7929.85,7945.1,7959.75,7891.95,13.57M,-0.78%
2016-04-19,7992.5,7967.25,8016.25,7940.75,-,0.91%
2016-04-18,7920.3,7904.5,7927.7,7851.6,11.72M,-0.21%
2016-04-15,7936.75,7929,7958.75,7917.25,-,0.04%
2016-04-14,7933.25,7912.25,7938.75,7898.25,-,0.83%
2016-04-13,7867.85,7792.5,7893.45,7791.1,14.60M,1.75%
2016-04-12,7732.8,7694,7738,7685.4,11.44M,0.40%
2016-04-11,7702.1,7580.25,7712.85,7533,15.69M,1.64%
2016-04-08,7578.1,7540,7595.85,7540,9.02M,0.17%
2016-04-07,7565.05,7629,7634.8,7555,13.87M,-0.91%
2016-04-06,7634.7,7645.2,7653.8,7603.45,10.23M,0.15%
2016-04-05,7623.5,7735,7759.5,7609.95,19.69M,-2.15%
2016-04-04,7790.75,7778,7809.9,7737,8.34M,0.54%
2016-04-01,7748.75,7754.85,7772.6,7704.1,13.70M,0.13%
2016-03-31,7738.4,7734.95,7778.95,7718.3,18.97M,-0.03%
2016-03-30,7741,7674.45,7749,7651.1,14.39M,1.59%
2016-03-29,7620.05,7629,7674.9,7597.5,17.36M,-0.24%
2016-03-28,7638.6,7715.25,7730.45,7611.5,15.14M,-0.50%
2016-03-24,7676.75,7695,7712.5,7651.25,-,-0.77%
2016-03-23,7736.3,7696.65,7746.55,7678.2,12.29M,0.13%
2016-03-22,7726.25,7705.25,7737,7657.2,13.66M,0.17%
2016-03-21,7713.35,7623.5,7723.2,7615.2,14.80M,1.42%
2016-03-18,7605.3,7536,7615,7527.15,15.90M,1.23%
2016-03-17,7512.75,7588,7601.95,7487.1,15.08M,-0.19%
2016-03-16,7527,7485.2,7536,7430,14.21M,0.56%
2016-03-15,7485.4,7545,7555.95,7470.2,11.36M,-0.81%
2016-03-14,7546.85,7550,7594,7528.05,10.80M,0.46%
2016-03-11,7512.2,7485.1,7544,7447,15.47M,0.38%
2016-03-10,7483.7,7583.4,7583.4,7435.25,13.69M,-0.68%
2016-03-09,7535.05,7433.25,7540,7407.55,13.32M,1.11%
2016-03-08,7452.65,7473.2,7498,7414,11.36M,-1.36%
2016-03-07,7555.5,7527.5,7557.75,7502.25,-,1.28%
2016-03-04,7460.35,7469.9,7480,7405.05,11.81M,0.14%
2016-03-03,7449.55,7401.1,7461.5,7365.2,12.83M,1.20%
2016-03-02,7361.55,7328,7370,7302.75,16.71M,1.83%
2016-03-01,7229.05,7051.25,7240.5,7046.15,17.76M,3.14%
2016-02-29,7008.95,7052.55,7127.95,6833.65,31.02M,-0.65%
2016-02-26,7055.15,7061.15,7087,7006.1,12.81M,1.21%
2016-02-25,6970.6,7015,7030,6961.3,18.34M,-0.69%
2016-02-24,7019.05,7135.75,7135.75,7008.3,18.74M,-1.32%
2016-02-23,7113.1,7237.75,7237.75,7096.5,20.32M,-1.76%
2016-02-22,7240.7,7221,7257.7,7211.1,10.59M,0.39%
2016-02-19,7212.45,7174.5,7236.9,7151,13.04M,0.30%
2016-02-18,7190.85,7186.1,7225,7126.5,17.25M,0.98%
2016-02-17,7120.9,7059.75,7134.3,6967.3,19.33M,0.95%
2016-02-16,7054.1,7202.25,7208.5,7042.5,17.07M,-1.50%
2016-02-15,7161.45,7064.75,7194.8,7059,15.37M,2.45%
2016-02-12,6990,7030,7043,6875.55,22.65M,-0.05%
2016-02-11,6993.45,7205,7214.95,6970.2,22.23M,-3.49%
2016-02-10,7246.55,7268,7293.35,7194.1,18.18M,-1.07%
2016-02-09,7325.05,7305,7353.9,7295.55,13.94M,-0.93%
2016-02-08,7393.45,7495,7534.5,7369.6,13.99M,-1.67%
2016-02-05,7519.2,7431.25,7529,7425.55,13.20M,1.30%
2016-02-04,7422.65,7421.1,7478.7,7377.5,13.02M,0.53%
2016-02-03,7383.5,7408,7433,7375,12.10M,-1.22%
2016-02-02,7474.95,7566.2,7594.45,7448,15.22M,-1.19%
2016-02-01,7565.35,7593.5,7606.8,7551,9.36M,-0.04%
2016-01-29,7568.05,7414.45,7580,7404.6,15.51M,1.93%
2016-01-28,7424.65,7431,7465,7411,13.54M,-0.12%
2016-01-27,7433.4,7434,7473,7415,15.70M,-0.33%
2016-01-26,7457.75,7397.25,7469.75,7373.25,-,0.30%
2016-01-25,7435.45,7471.1,7484,7412,14.43M,0.06%
2016-01-22,7430.7,7350,7438.8,7334.6,15.57M,1.92%
2016-01-21,7290.85,7364.1,7401.1,7253.1,19.02M,-0.22%
2016-01-20,7306.95,7358,7360,7233.8,17.08M,-1.76%
2016-01-19,7438.1,7394.7,7474.55,7376.55,13.63M,0.89%
2016-01-18,7372.25,7456.25,7468.5,7354.85,15.23M,-0.99%
2016-01-15,7446.25,7545.5,7560.4,7432.6,14.37M,-1.25%
2016-01-14,7540.55,7475,7617.1,7454.35,19.10M,-0.45%
2016-01-13,7574.55,7575,7603.4,7428,22.37M,0.54%
2016-01-12,7534.05,7599.9,7600,7501.3,11.63M,-0.66%
2016-01-11,7583.75,7542.7,7619,7505.4,14.85M,-0.28%
2016-01-08,7605.2,7615,7644,7593.1,11.05M,0.31%
2016-01-07,7582.05,7678,7687.9,7570.4,16.65M,-2.17%
2016-01-06,7750.05,7789,7824.5,7730.3,12.15M,-0.68%
2016-01-05,7802.75,7831,7839,7781,10.60M,-0.09%
2016-01-04,7809.8,7934.9,7947.75,7792.6,16.31M,-2.16%
2016-01-01,7982,7942,7994,7922.5,5.86M,0.45%
2015-12-31,7946.35,7904.5,7948.9,7891.15,11.46M,0.56%
2015-12-30,7901.9,7941.15,7941.15,7892.85,8.87M,-0.38%
2015-12-29,7932.05,7922,7939,7897,11.15M,0.30%
2015-12-28,7908.55,7865.15,7921,7862.25,10.14M,0.47%
2015-12-24,7871.75,7884.9,7887,7828.2,6.12M,0.10%
2015-12-23,7864,7822.25,7879,7822.25,9.92M,1.01%
2015-12-22,7785.1,7836,7859,7770.75,10.09M,-0.72%
2015-12-21,7841.45,7774.5,7854.85,7763.65,7.94M,0.66%
2015-12-18,7790.1,7828,7849.4,7780.3,10.92M,-0.84%
2015-12-17,7856.4,7805,7864,7745.4,13.80M,1.27%
2015-12-16,7758.2,7740,7789.25,7729.5,10.18M,0.63%
2015-12-15,7709.4,7663.15,7717,7636,9.08M,0.54%
2015-12-14,7668,7579.35,7695.85,7579.35,11.88M,0.53%
2015-12-11,7627.9,7712,7719.9,7586.25,11.61M,-1.07%
2015-12-10,7710.75,7667.65,7722,7640.05,9.63M,0.87%
2015-12-09,7644.35,7707.35,7728,7627.2,12.03M,-1.09%
2015-12-08,7728.6,7772,7803.6,7711.55,8.34M,-1.03%
2015-12-07,7808.8,7860.2,7860.2,7790.25,7.19M,-0.15%
2015-12-04,7820.5,7835,7856.85,7810.05,8.94M,-0.89%
2015-12-03,7890.8,7929,7949,7878.55,9.40M,-0.91%
2015-12-02,7962.9,8003,8003,7935.2,7.53M,-0.31%
2015-12-01,7987.75,7991.15,8005.8,7961,8.00M,0.10%
2015-11-30,7980.1,7954.5,7994.5,7952.4,8.12M,0.10%
2015-11-27,7972.2,7929.05,7985,7914,10.50M,1.12%
2015-11-26,7883.8,7838.55,7898.9,7838.55,12.21M,0.75%
2015-11-25,7825,7828.25,7854.25,7808.75,-,-0.09%
2015-11-24,7832.25,7826,7875.2,7806.4,12.79M,-0.24%
2015-11-23,7851.25,7872.85,7879.65,7822.2,12.65M,0.00%
2015-11-20,7851.6,7854,7924,7822,13.97M,-0.09%
2015-11-19,7858.35,7791.1,7871.3,7771,12.88M,1.63%
2015-11-18,7731.95,7838.35,7854.95,7725,12.97M,-1.54%
2015-11-17,7852.6,7858.9,7880.65,7801.1,10.37M,0.32%
2015-11-16,7827.25,7738,7857.7,7725.75,11.79M,0.68%
2015-11-13,7774.3,7765.9,7797.4,7742.55,8.50M,0.09%
2015-11-12,7767.25,7775,7833.5,7747.5,-,-0.74%
2015-11-11,7825.05,7860,7860,7812,1.77M,0.29%
2015-11-10,7802.5,7895.35,7908,7791.15,11.92M,-1.68%
2015-11-09,7936.05,7820,7954.9,7790,16.98M,-0.52%
2015-11-06,7977.4,7985.05,8026,7946.95,11.17M,-0.15%
2015-11-05,7989.4,8053.2,8055,7975.1,10.69M,-1.00%
2015-11-04,8070.05,8132.55,8145,8057.65,8.77M,-0.21%
2015-11-03,8087.25,8105.15,8129.7,8055.7,8.21M,0.14%
2015-11-02,8076.15,8073,8088,8022.25,8.81M,-0.23%
2015-10-30,8094.7,8142.05,8182,8066.2,12.07M,-0.21%
2015-10-29,8111.75,8166,8168.95,8106.4,12.11M,-0.76%
2015-10-28,8173.6,8204,8225,8140.75,13.67M,-0.86%
2015-10-27,8244.25,8237,8254.7,8225,9.57M,-0.23%
2015-10-26,8263.6,8400,8723.85,8257.1,9.30M,-0.49%
2015-10-23,8304.15,8321.55,8339.95,8286.2,8.89M,-0.12%
2015-10-22,8314,8226,8324.75,8218,-,0.63%
2015-10-21,8262.3,8254.9,8298,8215.5,10.60M,0.10%
2015-10-20,8253.9,8273.55,8288.5,8226.1,8.01M,-0.20%
2015-10-19,8270.75,8260,8282.6,8242.25,7.54M,0.14%
2015-10-16,8259.45,8191.55,8266.85,8151,11.26M,0.88%
2015-10-15,8187,8164,8206.9,8141,9.69M,0.81%
2015-10-14,8121.4,8110,8148,8107.15,8.49M,-0.21%
2015-10-13,8138.8,8146.6,8162.45,8093.6,10.91M,-0.13%
2015-10-12,8149.6,8226.65,8247,8136.5,10.05M,-0.68%
2015-10-09,8205.35,8207.7,8248.9,8152.55,12.71M,0.59%
2015-10-08,8157.25,8199,8199,8127.35,9.50M,-0.46%
2015-10-07,8194.65,8163,8204.7,8142.15,11.01M,0.42%
2015-10-06,8160.55,8190.2,8190.2,8105.05,11.08M,0.34%
2015-10-05,8132.8,8034.95,8145,8030.55,11.90M,1.59%
2015-10-02,8005.25,7961,8008.5,7891.5,-,0.35%
2015-10-01,7976.95,8034,8037,7952.1,11.74M,-0.04%
2015-09-30,7980.35,7929,7989.8,7894,13.34M,1.33%
2015-09-29,7875.85,7720,7969.9,7705,23.13M,0.64%
2015-09-28,7825.5,7890.15,7929.8,7817.8,10.29M,-0.55%
2015-09-24,7868.5,7826.5,7896,7797.15,16.74M,0.17%
2015-09-23,7855.45,7718,7889,7713.95,17.83M,0.75%
2015-09-22,7797.1,8011.35,8013.9,7776.4,21.77M,-2.29%
2015-09-21,7980.05,7912.5,7992,7902,14.42M,-0.03%
2015-09-18,7982.55,7965,8059,7954.4,18.03M,-0.16%
2015-09-17,7995.25,7964.25,8049.75,7929,-,1.25%
2015-09-16,7896.3,7897,7919,7852.45,11.21M,0.87%
2015-09-15,7828.55,7869,7887.9,7801,10.66M,-0.59%
2015-09-14,7875.2,7798.7,7888.8,7765.5,10.27M,1.10%
2015-09-11,7789.35,7842.2,7878,7760,13.49M,-0.24%
2015-09-10,7808.25,7735,7838,7690.05,16.30M,-0.24%
2015-09-09,7826.7,7838,7865,7783.1,17.17M,1.39%
2015-09-08,7719.4,7592,7752.9,7558.1,17.40M,1.91%
2015-09-07,7574.5,7677.75,7725.7,7560.1,13.72M,-1.17%
2015-09-04,7664.35,7799.7,7800,7632.2,19.53M,-2.27%
2015-09-03,7842.55,7794.9,7869.45,7759,12.29M,1.30%
2015-09-02,7742.15,7860,7874.1,7721.3,17.41M,-0.73%
2015-09-01,7798.8,7926.25,7946.5,7751.4,17.04M,-2.52%
2015-08-31,8000.05,7993,8068.4,7961,13.47M,-0.28%
2015-08-28,8022.7,8101.1,8125,7983.15,17.00M,0.93%
2015-08-27,7948.95,7891.35,7963.25,7856.15,18.27M,1.90%
2015-08-26,7800.7,7860,7939,7785.1,18.80M,-1.21%
2015-08-25,7896.2,7894.75,7926.25,7665,24.48M,1.15%
2015-08-24,7806.35,8010.1,8074,7771,33.59M,-6.02%
2015-08-21,8306.35,8280,8324.9,8222,16.95M,-0.88%
2015-08-20,8380.05,8468,8506.35,8358.4,14.29M,-1.47%
2015-08-19,8505.4,8460,8534.65,8426.75,9.51M,0.28%
2015-08-18,8481.7,8504.95,8531.95,8437.25,9.37M,-0.07%
2015-08-17,8488.05,8529.15,8540.55,8411,11.24M,-0.64%
2015-08-14,8542.7,8444.9,8553,8402.1,13.36M,1.93%
2015-08-13,8381,8405.05,8445,8357,11.55M,0.19%
2015-08-12,8365.45,8452.3,8457,8355,12.96M,-1.48%
2015-08-11,8490.8,8545.3,8560,8461.5,10.43M,-0.63%
2015-08-10,8544.3,8588.9,8647.9,8503,9.29M,-0.58%
2015-08-07,8594.1,8599,8619,8575.2,5.62M,-0.24%
2015-08-06,8615,8594.4,8641.05,8566.5,7.54M,0.26%
2015-08-05,8592.65,8556,8618,8551,7.51M,0.53%
2015-08-04,8547.55,8570,8577.8,8450,14.37M,-0.17%
2015-08-03,8561.7,8558,8590,8550,5.27M,-0.09%
2015-07-31,8569.65,8483.4,8579.95,8477.65,10.60M,1.76%
2015-07-30,8421.8,8401,8459.95,8401,12.49M,0.53%
2015-07-29,8377.65,8385.5,8388,8336.85,11.31M,0.32%
2015-07-28,8350.95,8373.25,8411,8331,13.29M,-0.26%
2015-07-27,8372.8,8504.9,8504.9,8365,13.53M,-1.89%
2015-07-24,8534.35,8598.25,8598.25,8524.15,7.99M,-0.81%
2015-07-23,8603.7,8650,8667,8580.55,10.65M,-0.52%
2015-07-22,8648.4,8500.2,8664.75,8491,12.47M,1.21%
2015-07-21,8545,8621.55,8649.85,8532.3,9.77M,-0.96%
2015-07-20,8628.25,8625.5,8647.7,8576.65,7.43M,0.04%
2015-07-17,8625.05,8640,8652.8,8610,6.71M,-0.02%
2015-07-16,8626.65,8560.25,8633.9,8541,9.56M,0.99%
2015-07-15,8542.05,8464,8549.75,8464,9.51M,0.90%
2015-07-14,8465.9,8489.8,8503.55,8440,9.34M,-0.19%
2015-07-13,8481.95,8401.65,8493.9,8360.55,13.11M,1.15%
2015-07-10,8385.55,8380.15,8402.75,8326.05,10.35M,0.47%
2015-07-09,8346.1,8390,8416,8332,9.96M,-0.38%
2015-07-08,8378,8449,8464,8342.4,20.54M,-1.63%
2015-07-07,8516.6,8536,8561.05,8481.1,10.52M,-0.25%
2015-07-06,8537.75,8418,8547.7,8389.2,14.71M,0.59%
2015-07-03,8488,8440,8497,8405.65,9.12M,0.59%
2015-07-02,8438.3,8474.9,8477.9,8426,9.23M,-0.20%
2015-07-01,8455.2,8370,8480,8360.25,11.30M,0.92%
2015-06-30,8377.8,8319,8388,8293.05,10.95M,0.70%
2015-06-29,8319.15,8262.25,8334,8191.4,17.15M,-0.75%
2015-06-26,8381.65,8361,8414,8340,11.20M,-0.19%
2015-06-25,8398,8340,8433,8332.15,12.86M,0.57%
2015-06-24,8350.3,8386.25,8418.85,8322.25,11.65M,-0.32%
2015-06-23,8377.4,8364,8397.9,8330.15,10.40M,0.29%
2015-06-22,8353.15,8265.55,8375,8251,14.09M,1.40%
2015-06-19,8237.6,8181,8250.25,8181,11.43M,0.98%
2015-06-18,8157.55,8099,8178.7,8089.45,13.70M,0.97%
2015-06-17,8079.05,8095.15,8127,8042.1,13.46M,0.40%
2015-06-16,8047,7988,8063.8,7946.25,11.22M,0.47%
2015-06-15,8009.2,7968,8065,7944,12.56M,0.38%
2015-06-12,7978.7,7949,7994,7931,10.18M,0.24%
2015-06-11,7959.2,8151.35,8156,7950,17.44M,-1.98%
2015-06-10,8120.05,8025.3,8154,8011,12.94M,1.11%
2015-06-09,8030.6,8024.7,8064,8001.1,9.64M,-0.17%
2015-06-08,8044.2,8113,8127.75,8031.35,9.42M,-0.86%
2015-06-05,8114.25,8113.9,8200,8101.45,13.51M,-0.34%
2015-06-04,8141.6,8137,8164.75,8055.25,11.82M,0.06%
2015-06-03,8136.35,8204.7,8222,8098.7,13.23M,-1.08%
2015-06-02,8225.35,8436,8438.9,8210.95,20.75M,-2.45%
2015-06-01,8431.65,8450,8484.8,8421,7.75M,-0.32%
2015-05-29,8458.65,8324,8472,8308.5,17.01M,1.68%
2015-05-28,8319,8348,8365.5,8260.1,13.40M,-0.15%
2015-05-27,8331.75,8294,8344.95,8272.4,11.51M,-0.07%
2015-05-26,8337.9,8371.95,8371.95,8310.25,8.85M,-0.37%
2015-05-25,8368.45,8439.8,8443,8351.15,9.41M,-0.99%
2015-05-22,8452.05,8401.15,8488.6,8401.15,9.29M,0.39%
2015-05-21,8419.1,8436.35,8444,8380.55,9.02M,-0.06%
2015-05-20,8424.3,8387.65,8449.75,8376.3,10.34M,0.69%
2015-05-19,8366.3,8301.2,8437,8264.7,13.82M,-0.08%
2015-05-18,8372.8,8283,8384.95,8265.25,10.29M,1.35%
2015-05-15,8261.2,8255.55,8296,8215,8.89M,0.28%
2015-05-14,8237.8,8245.1,8255,8143,14.01M,-0.16%
2015-05-13,8250.75,8180,8279.9,8096.05,22.34M,1.47%
2015-05-12,8131.25,8329,8332,8118.9,16.77M,-2.53%
2015-05-11,8342.15,8256.35,8356.85,8242.6,10.71M,1.60%
2015-05-08,8210.55,8144.7,8247,8134.7,13.87M,1.59%
2015-05-07,8082.15,8087.7,8148.7,8020.55,16.59M,-0.49%
2015-05-06,8121.75,8344.7,8345.05,8111.3,21.95M,-2.87%
2015-05-05,8361.7,8350.1,8397.5,8309.15,11.12M,-0.13%
2015-05-04,8372.25,8252.1,8387.7,8250.2,12.46M,1.98%
2015-05-01,8209.5,8217,8221.5,8200.25,-,0.34%
2015-04-30,8181.5,8214.95,8225,8136.8,20.35M,-0.69%
2015-04-29,8238.25,8222.3,8319.3,8220.1,16.07M,-0.65%
2015-04-28,8292.4,8210,8324.05,8193,16.22M,0.84%
2015-04-27,8223,8340.1,8347.9,8211,13.39M,-1.15%
2015-04-24,8318.8,8406.95,8409,8280.9,13.19M,-1.03%
2015-04-23,8405.35,8500,8529.95,8364.5,17.16M,-0.66%
2015-04-22,8461.2,8428.9,8483.95,8298.3,18.00M,0.72%
2015-04-21,8400.45,8439.9,8501,8376,14.83M,-0.82%
2015-04-20,8469.9,8638,8643,8446.35,14.91M,-1.96%
2015-04-17,8638.85,8704.7,8724.95,8627,9.42M,-1.00%
2015-04-16,8726.15,8780,8788,8671.5,13.70M,-0.68%
2015-04-15,8786.15,8847.9,8873.65,8757.8,9.43M,-0.47%
2015-04-14,8827.75,8864.25,8872.25,8813.25,-,-0.31%
2015-04-13,8855.45,8820.05,8872.2,8790.3,8.64M,0.50%
2015-04-10,8811.45,8801.2,8823,8771,6.30M,0.00%
2015-04-09,8811.1,8797.9,8820,8716.25,11.75M,0.55%
2015-04-08,8762.65,8749.6,8778.65,8716.1,9.11M,0.59%
2015-04-07,8711.3,8711.65,8733,8616.9,13.53M,0.25%
2015-04-06,8689.8,8662.35,8696.9,8607,8.97M,0.12%
2015-04-03,8679.75,8684.25,8689.25,8674,-,0.53%
2015-04-02,8634.25,8666.75,8705.25,8631.75,-,0.01%
2015-04-01,8633.1,8531.1,8645.55,8512,10.42M,1.15%
2015-03-31,8534.75,8582.35,8605.05,8498.25,9.94M,-0.27%
2015-03-30,8557.5,8474.75,8570,8452.35,10.16M,1.45%
2015-03-27,8434.9,8465.25,8484.85,8357,12.42M,1.11%
2015-03-26,8342.15,8489,8499.9,8328.75,16.34M,-2.26%
2015-03-25,8535,8580.1,8587.7,8522.45,12.66M,-0.45%
2015-03-24,8573.85,8551.25,8653.35,8548,18.20M,0.10%
2015-03-23,8565,8619.95,8625,8552.75,8.11M,-0.43%
2015-03-20,8602.05,8630.05,8647,8578.3,11.01M,-0.39%
2015-03-19,8635.85,8765.5,8815,8612.15,17.05M,-0.79%
2015-03-18,8704.7,8775,8775,8686.8,10.24M,-0.41%
2015-03-17,8740.2,8714.9,8764.9,8645.15,15.16M,0.86%
2015-03-16,8665.6,8670,8694,8640.05,7.73M,-0.10%
2015-03-13,8674.4,8873.9,8873.9,8652.15,16.98M,-1.57%
2015-03-12,8813.05,8800.05,8824.4,8772.15,7.90M,0.70%
2015-03-11,8752.15,8760,8809.9,8727,10.52M,-0.09%
2015-03-10,8760.3,8785.05,8815.2,8712.8,12.05M,-0.28%
2015-03-09,8784.85,8855.25,8934.7,8768.3,14.90M,-2.22%
2015-03-06,8984.25,8955,9007.75,8955,-,-0.05%
2015-03-05,8988.75,8957.1,9012.4,8882,12.75M,0.36%
2015-03-04,8956.35,9148,9191,8926,15.47M,-1.09%
2015-03-03,9054.85,9000,9063.7,8971,10.85M,0.60%
2015-03-02,9000.7,9025.15,9033,8944.1,12.98M,0.40%
2015-02-28,8964.65,8960.55,8993.25,8791,27.57M,0.84%
2015-02-27,8889.95,8769,8900,8752.3,13.76M,2.37%
2015-02-26,8683.85,8781.1,8781.1,8671.15,15.78M,-0.95%
2015-02-25,8767.15,8825,8847.9,8750.1,15.14M,-0.07%
2015-02-24,8773.3,8760,8814,8726,15.30M,0.23%
2015-02-23,8753.45,8945,8945,8735.2,16.52M,-1.08%
2015-02-20,8849.45,8905.25,8920,8830.2,13.67M,-0.75%
2015-02-19,8916.15,8900,8939,8802.55,12.96M,0.28%
2015-02-18,8891.3,8848,8927.7,8837.55,8.80M,0.61%
2015-02-17,8837.25,8831,8844,8807.75,-,-0.09%
2015-02-16,8845.05,8868.65,8904.95,8829.1,9.29M,0.04%
2015-02-13,8841.55,8785,8870.65,8762.7,11.01M,1.02%
2015-02-12,8752.2,8720,8770,8626,12.23M,0.94%
2015-02-11,8670.9,8655.15,8698,8610.75,9.28M,0.69%
2015-02-10,8611.4,8499.95,8683.5,8498.1,17.00M,0.57%
2015-02-09,8562.9,8639.95,8644,8553.25,11.77M,-1.71%
2015-02-06,8711.9,8738,8763.85,8695.5,9.86M,-0.45%
2015-02-05,8751.3,8764.9,8891.9,8718.25,14.26M,-0.29%
2015-02-04,8776.35,8846.1,8854,8755,9.87M,-0.38%
2015-02-03,8809.9,8895,8908.8,8780,12.04M,-0.56%
2015-02-02,8859.65,8849.7,8925,8805.45,10.53M,-0.15%
2015-01-30,8872.65,9005,9029.5,8827.4,14.75M,-0.89%
2015-01-29,8952.35,8891,8963.85,8862.3,17.12M,0.54%
2015-01-28,8904.65,8908.7,8994,8868.5,20.25M,-0.20%
2015-01-27,8922.65,8870,8938.8,8837.55,14.74M,0.46%
2015-01-26,8882,8899.25,8931.5,8865.5,-,0.43%
2015-01-23,8844.4,8849.4,8875.85,8810.5,10.19M,0.74%
2015-01-22,8779.15,8766,8790,8750.1,8.91M,0.47%
2015-01-21,8738.5,8741.15,8760,8707.45,10.00M,0.24%
2015-01-20,8717.15,8591.25,8731,8591.25,12.63M,1.67%
2015-01-19,8574.1,8566.25,8588,8543,7.54M,0.46%
2015-01-16,8535.05,8500,8554.9,8473.2,10.00M,0.23%
2015-01-15,8515.05,8470,8564.15,8427.6,20.81M,2.50%
2015-01-14,8307.35,8337.5,8348.15,8244,12.56M,-0.11%
2015-01-13,8316.5,8385,8388.9,8279.45,10.25M,-0.53%
2015-01-12,8360.55,8304,8368,8271.35,9.80M,0.54%
2015-01-09,8315.5,8306.35,8334,8205,14.91M,0.71%
2015-01-08,8257.25,8209,8274.9,8193.1,10.24M,1.42%
2015-01-07,8141.85,8150,8184,8096,12.85M,-0.20%
2015-01-06,8157.9,8422,8422,8000,20.20M,-3.15%
2015-01-05,8422.85,8452.35,8492,8406,9.07M,-0.42%
2015-01-02,8458.4,8352.25,8470.9,8352.25,9.61M,1.37%
2015-01-01,8343.8,8320,8356,8295.2,3.80M,0.07%
2014-12-31,8337.85,8326.6,8356.35,8313.25,5.21M,0.24%
2014-12-30,8317.95,8324,8331.5,8281.75,5.34M,0.02%
2014-12-29,8316.45,8285,8356.85,8285,6.40M,0.52%
2014-12-26,8273.75,8274.9,8319,8212.5,8.24M,1.22%
2014-12-24,8174.1,8275,8286.8,8165.1,16.11M,-1.18%
2014-12-23,8271.55,8335,8370.95,8256.75,17.24M,-0.75%
2014-12-22,8334.2,8261,8345.5,8237.35,11.36M,1.15%
2014-12-19,8239.85,8237,8277,8226,12.56M,0.72%
2014-12-18,8180.8,8145,8196.7,8103.9,12.18M,1.49%
2014-12-17,8060.85,8095.15,8120,8007.85,16.80M,-0.68%
2014-12-16,8116,8218.8,8227.95,8101.1,17.45M,-1.83%
2014-12-15,8267.2,8232,8288,8230.05,8.53M,-0.12%
2014-12-12,8276.9,8346.95,8363,8266.9,10.38M,-0.78%
2014-12-11,8342.1,8370,8394.4,8316,10.83M,-0.77%
2014-12-10,8406.8,8368.8,8429.9,8367.7,8.38M,0.16%
2014-12-09,8393.45,8459,8477.5,8383,11.25M,-1.13%
2014-12-08,8489.75,8575,8589,8483.25,10.09M,-1.08%
2014-12-05,8582.55,8619.8,8622,8567.9,5.12M,-0.27%
2014-12-04,8605.75,8619.75,8628.85,8560.7,8.01M,0.31%
2014-12-03,8578.75,8574.95,8594,8545,6.89M,0.04%
2014-12-02,8575.35,8583.95,8601.75,8540,10.14M,-0.24%
2014-12-01,8595.9,8630,8659.95,8588.6,8.03M,-0.49%
2014-11-28,8638.35,8576.1,8668,8575,9.75M,1.70%
2014-11-27,8494.2,8484,8499,8456.8,10.52M,0.17%
2014-11-26,8479.4,8460.05,8513.4,8443.9,11.20M,0.15%
2014-11-25,8466.5,8539,8540,8437.05,15.71M,-0.81%
2014-11-24,8535.5,8528.65,8539.9,8505.7,7.38M,0.51%
2014-11-21,8492.4,8420.5,8512.9,8412,9.87M,0.86%
2014-11-20,8420.35,8420.15,8428.9,8371.1,7.93M,0.13%
2014-11-19,8409.55,8465.45,8469.9,8386,8.42M,-0.50%
2014-11-18,8451.9,8451,8469.4,8432.1,5.81M,-0.01%
2014-11-17,8452.95,8406.3,8464.9,8371,8.58M,0.43%
2014-11-14,8416.65,8388,8428.8,8368.25,6.89M,0.44%
2014-11-13,8380.1,8430.5,8431,8350.05,9.64M,-0.46%
2014-11-12,8418.8,8409.65,8447.9,8402,8.37M,0.27%
2014-11-11,8395.85,8393,8407.45,8352.65,7.06M,0.20%
2014-11-10,8379.5,8398,8416.55,8337.3,7.50M,-0.03%
2014-11-07,8381.65,8385,8395,8325.9,7.43M,-0.27%
2014-11-06,8404.25,8391,8421.25,8388.25,-,0.29%
2014-11-05,8380.15,8383,8412.85,8361.1,8.68M,-0.15%
2014-11-04,8392.75,8365.75,8410.25,8353.25,-,0.38%
2014-11-03,8361.05,8374.9,8388.7,8346.7,7.05M,0.10%
2014-10-31,8352.7,8234.95,8358.3,8224.95,13.31M,2.25%
2014-10-30,8169.2,8082.75,8172.25,8082.7,13.01M,0.99%
2014-10-29,8089.15,8081.25,8095,8057,10.18M,0.61%
2014-10-28,8040.35,8010.05,8051.4,8003.1,10.94M,0.53%
2014-10-27,7998,8061.5,8061.5,7993,8.49M,-0.26%
2014-10-24,8018.5,8021.5,8038.5,8012.25,-,-0.07%
2014-10-23,8023.85,8036.15,8039.5,8014.95,1.58M,0.13%
2014-10-22,8013.8,8010.1,8022.55,7992.1,8.94M,0.85%
2014-10-21,7946.4,7915.5,7959,7890.65,13.33M,0.62%
2014-10-20,7897.25,7920,7940.15,7882.05,12.43M,1.03%
2014-10-17,7817.05,7804,7872.65,7752.2,14.87M,0.50%
2014-10-16,7778.1,7869.95,7919.2,7757.1,14.28M,-2.25%
2014-10-15,7957,7932,7964,7907,-,0.78%
2014-10-14,7895.25,7952,7952,7845.55,12.44M,-0.20%
2014-10-13,7911.4,7835,7929.9,7817.35,10.62M,0.31%
2014-10-10,7886.8,7927,7948,7870.2,13.42M,-1.30%
2014-10-09,7990.35,7936,8008.55,7922.3,10.47M,1.20%
2014-10-08,7895.5,7870,7919,7855,9.89M,0.06%
2014-10-07,7890.9,7929.95,7970,7883.25,9.10M,-0.46%
2014-10-06,7927,7914.25,7944.5,7889,-,0.63%
2014-10-03,7877.25,7847.75,7884.75,7830.5,-,0.36%
2014-10-02,7848.75,7908.75,7917.25,7827.5,-,-1.69%
2014-10-01,7983.65,7990,8015,7971.45,6.41M,-0.19%
2014-09-30,7999.15,7981,8084,7962.5,14.76M,0.07%
2014-09-29,7993.9,8015,8038.5,7970,8.37M,-0.47%
2014-09-26,8031.9,7956,8057.6,7897.4,17.89M,1.52%
2014-09-25,7911.85,8022.4,8024.3,7884,14.04M,-1.29%
2014-09-24,8015.2,8024,8049.8,7959.2,13.71M,-0.21%
2014-09-23,8032.2,8143.7,8164.3,8025.1,15.48M,-1.55%
2014-09-22,8158.45,8084,8176.95,8067.9,12.73M,0.34%
2014-09-19,8131,8135,8166.4,8111.2,10.46M,-0.07%
2014-09-18,8136.7,7964.7,8143.75,7956,15.91M,1.80%
2014-09-17,7992.85,7994.9,8010.5,7962.5,9.24M,0.40%
2014-09-16,7960.85,8051.25,8056.5,7952.5,12.10M,-1.26%
2014-09-15,8062.55,8100.15,8100.15,8048.5,10.47M,-0.93%
2014-09-12,8137.85,8111.05,8148,8096.1,7.42M,0.23%
2014-09-11,8119.4,8135.25,8148.6,8072.25,10.41M,-0.14%
2014-09-10,8130.7,8155.15,8157,8107.25,9.32M,-0.63%
2014-09-09,8182.2,8200,8200,8158,5.76M,-0.13%
2014-09-08,8193.1,8141.25,8197.55,8138.05,7.51M,0.94%
2014-09-05,8116.7,8132.6,8150.25,8072.1,10.02M,-0.19%
2014-09-04,8132.4,8125.15,8138.85,8092.2,8.23M,-0.10%
2014-09-03,8140.45,8140,8173.9,8118,10.26M,0.23%
2014-09-02,8121.45,8054.25,8139,8054.25,9.92M,0.64%
2014-09-01,8069.45,8021.2,8075,8016.35,7.22M,0.45%
2014-08-29,8033.5,7977.75,8043.25,7974.25,-,1.00%
2014-08-28,7954.35,7952,7967.15,7935.25,12.05M,0.29%
2014-08-27,7931.6,7930,7948.05,7911.15,11.14M,0.32%
2014-08-26,7906.5,7895,7918,7871.55,10.78M,-0.11%
2014-08-25,7915.45,7926,7979,7906.3,10.50M,-0.15%
2014-08-22,7927.55,7912.2,7939.8,7906.3,7.20M,0.31%
2014-08-21,7903.15,7886.9,7937.05,7867.55,9.58M,0.16%
2014-08-20,7890.7,7909,7915.5,7881.15,6.87M,-0.24%
2014-08-19,7909.65,7896.95,7923.65,7888.5,8.53M,0.41%
2014-08-18,7877.7,7790.15,7886.9,7772.6,9.22M,1.04%
2014-08-15,7797,7812.5,7812.5,7778.5,-,-0.09%
2014-08-14,7803.7,7762,7811.8,7748,9.88M,0.74%
2014-08-13,7746.35,7728.1,7776.65,7706.4,13.18M,-0.02%
2014-08-12,7748.25,7699.7,7755.9,7663.5,12.38M,1.40%
2014-08-11,7641.4,7651,7651,7611,7.13M,0.66%
2014-08-08,7591.65,7604.5,7618.9,7560.55,13.01M,-1.02%
2014-08-07,7669.65,7679.8,7750,7650,15.15M,-0.28%
2014-08-06,7691.45,7747.7,7759,7676.7,12.84M,-1.05%
2014-08-05,7772.85,7734.15,7788.6,7655.2,17.37M,0.71%
2014-08-04,7718.2,7661.15,7725.9,7646.3,10.59M,1.25%
2014-08-01,7622.6,7686.05,7744.9,7611.25,17.33M,-1.28%
2014-07-31,7721.3,7776.8,7788.25,7715.2,14.28M,-0.86%
2014-07-30,7788.3,7751.65,7794.5,7711.15,15.86M,-0.24%
2014-07-29,7806.75,7802,7825,7797.75,-,0.82%
2014-07-28,7743.25,7788.6,7803,7721.8,12.74M,-0.55%
2014-07-25,7785.7,7820.15,7832.8,7751.3,12.42M,-0.61%
2014-07-24,7833.75,7788.9,7839,7762.9,10.30M,0.54%
2014-07-23,7791.55,7794.95,7806.95,7746.2,12.31M,0.30%
2014-07-22,7767.95,7715.25,7773.5,7706,12.75M,1.06%
2014-07-21,7686.2,7701.35,7719.1,7675.35,7.86M,0.22%
2014-07-18,7669.35,7623.7,7692,7587.8,13.30M,0.14%
2014-07-17,7658.75,7642,7674.7,7628.2,9.35M,0.21%
2014-07-16,7643.05,7566,7662.4,7535.5,13.97M,1.39%
2014-07-15,7538.6,7512,7548,7467,12.39M,0.84%
2014-07-14,7475.8,7488.2,7505.5,7445,10.03M,-0.06%
2014-07-11,7480.15,7565.15,7638.8,7466.35,20.53M,-1.27%
2014-07-10,7576.65,7611.25,7753.9,7486.05,33.75M,-0.29%
2014-07-09,7598.65,7650,7669.7,7567.75,16.08M,-0.66%
2014-07-08,7648.75,7810,7817.85,7620.85,17.63M,-1.92%
2014-07-07,7798.6,7810,7812.7,7760.1,7.76M,0.21%
2014-07-04,7782.5,7754,7791.4,7676.75,12.26M,0.60%
2014-07-03,7736.05,7761.6,7773.9,7726.3,7.94M,-0.18%
2014-07-02,7749.85,7709.95,7758.9,7702.65,10.04M,1.14%
2014-07-01,7662.65,7646.5,7678,7637.5,8.14M,0.37%
2014-06-30,7634.35,7556,7649.9,7555.05,10.40M,1.20%
2014-06-27,7543.9,7550,7569,7512.3,8.71M,0.68%
2014-06-26,7493.2,7568.6,7570.5,7487,15.31M,-1.08%
2014-06-25,7574.9,7587,7597.7,7567,10.46M,-0.27%
2014-06-24,7595.55,7530.15,7616.75,7525.6,17.94M,1.20%
2014-06-23,7505.75,7538.5,7550,7464.4,13.46M,-0.26%
2014-06-20,7525.35,7556.7,7578.9,7511,10.06M,-0.46%
2014-06-19,7560.1,7593.9,7617.15,7520.55,14.28M,-0.12%
2014-06-18,7569.4,7655.5,7672.95,7523.4,19.42M,-1.15%
2014-06-17,7657.4,7543,7665.1,7533.1,13.68M,1.30%
2014-06-16,7559.2,7552.5,7577.95,7513,12.70M,-0.01%
2014-06-13,7560,7677,7682,7542.25,16.82M,-1.37%
2014-06-12,7664.65,7640,7677,7610,9.35M,0.36%
2014-06-11,7637.15,7670,7715.55,7610,15.32M,-0.41%
2014-06-10,7668.3,7677.5,7680,7588,13.20M,-0.02%
2014-06-09,7669.75,7631.15,7689.45,7624.25,13.11M,1.04%
2014-06-06,7590.75,7549,7601.8,7512.15,12.31M,1.39%
2014-06-05,7486.75,7413.5,7498,7376.05,14.07M,0.95%
2014-06-04,7416.4,7422,7438.9,7402.75,7.04M,-0.07%
2014-06-03,7421.4,7385.25,7433.95,7346,13.26M,0.68%
2014-06-02,7370.95,7255,7379,7239.65,11.43M,1.90%
2014-05-30,7233.65,7275.5,7294,7223.1,10.65M,-0.03%
2014-05-29,7235.65,7325,7330.9,7230.1,17.37M,-1.32%
2014-05-28,7332.1,7322.65,7344.4,7303.25,10.40M,0.16%
2014-05-27,7320.1,7361,7365.5,7281.5,14.39M,-0.57%
2014-05-26,7361.8,7450.05,7513.95,7267,24.67M,-0.27%
2014-05-23,7382.1,7329,7395,7306.6,16.15M,1.21%
2014-05-22,7293.7,7311,7337.4,7278.8,11.12M,0.19%
2014-05-21,7280,7265.1,7316.95,7235.25,12.09M,-0.28%
2014-05-20,7300.6,7304.95,7347.6,7267,12.79M,0.28%
2014-05-19,7279.9,7303.35,7323.9,7216.5,17.73M,0.49%
2014-05-16,7244.4,7351.1,7625,7159.9,48.80M,1.42%
2014-05-15,7143.1,7139.9,7182.1,7111,13.65M,0.03%
2014-05-14,7141.05,7150,7171.5,7107.7,10.65M,0.08%
2014-05-13,7135.3,7121.35,7203,7078.8,21.34M,1.31%
2014-05-12,7043.05,6911.65,7052,6911.6,16.20M,2.26%
2014-05-09,6887.4,6679,6898,6670.9,20.02M,3.09%
2014-05-08,6680.95,6720,6720,6661.65,8.56M,-0.01%
2014-05-07,6681.65,6744.85,6749,6671,9.70M,-0.96%
2014-05-06,6746.7,6757.95,6774.7,6726.5,6.55M,0.17%
2014-05-05,6735.5,6720.05,6777.8,6711.05,9.34M,0.13%
2014-05-02,6726.7,6750,6778.55,6720.1,7.77M,0.12%
2014-05-01,6718.5,6728,6739.5,6703.25,-,-0.12%
2014-04-30,6726.45,6781,6829.8,6692,16.63M,-0.50%
2014-04-29,6760.3,6822.7,6822.7,6742.3,11.58M,-0.88%
2014-04-28,6820,6808,6843.5,6795.1,7.05M,-0.09%
2014-04-25,6826.3,6900,6902,6806,11.25M,-1.11%
2014-04-24,6903.25,6902.75,6914.5,6881.75,-,0.91%
2014-04-23,6840.8,6829.85,6858.9,6824.2,12.56M,0.16%
2014-04-22,6829.6,6823.65,6848.95,6817.25,9.19M,-0.13%
2014-04-21,6838.15,6810,6849.6,6801.2,8.29M,0.46%
2014-04-18,6807,6815.75,6825.75,6803.5,-,0.10%
2014-04-17,6799.95,6715,6805.95,6704.05,12.36M,1.53%
2014-04-16,6697.3,6745,6780,6688.5,10.66M,-0.84%
2014-04-15,6753.95,6900,6900,6735.15,9.91M,-0.49%
2014-04-14,6787,6775,6803.25,6773.25,-,-0.24%
2014-04-11,6803.55,6775,6823.65,6775,8.85M,-0.32%
2014-04-10,6825.05,6837,6861.25,6810.2,9.43M,-0.15%
2014-04-09,6835.5,6773.1,6847,6748.05,10.16M,0.90%
2014-04-08,6774.5,6736.5,6822.75,6736.5,-,0.56%
2014-04-07,6736.7,6748.1,6769,6696.85,10.36M,-0.11%
2014-04-04,6744.2,6765.5,6774.9,6731.5,8.24M,-0.36%
2014-04-03,6768.45,6797.8,6799.65,6736,8.77M,-0.32%
2014-04-02,6790.2,6773.25,6798.25,6753.55,7.53M,0.50%
2014-04-01,6756.25,6765,6767.65,6705.55,10.10M,0.25%
2014-03-31,6739.65,6759.95,6765.9,6706.95,8.86M,0.16%
2014-03-28,6728.65,6708.6,6735.8,6685.2,7.81M,1.31%
2014-03-27,6641.75,6610.05,6681.65,6603.6,16.63M,0.44%
2014-03-26,6612.55,6640.25,6641,6588.4,11.92M,0.10%
2014-03-25,6605.95,6597.9,6610.9,6581.55,9.44M,0.11%
2014-03-24,6598.85,6535.6,6611.65,6532.2,12.49M,1.33%
2014-03-22,6512.15,6502.25,6520,6497,718.55K,0.02%
2014-03-21,6510.7,6530.05,6537,6506.4,8.84M,0.13%
2014-03-20,6502.55,6530,6549.9,6489.6,9.89M,-0.73%
2014-03-19,6550.2,6563.9,6573.3,6531.1,7.89M,0.04%
2014-03-18,6547.5,6555.15,6602.8,6522.55,11.06M,0.06%
2014-03-17,6543.75,6532.25,6563.25,6520,-,0.07%
2014-03-14,6538.85,6479.95,6553.9,6461.4,12.81M,0.30%
2014-03-13,6519.6,6555,6588.8,6503.15,10.75M,-0.45%
2014-03-12,6549.25,6528.25,6579.45,6515.05,9.73M,0.06%
2014-03-11,6545.3,6575,6587.65,6522,10.25M,-0.34%
2014-03-10,6567.55,6525,6594.2,6520.15,11.17M,0.27%
2014-03-07,6549.7,6447,6562.95,6439.55,18.49M,1.86%
2014-03-06,6430.1,6372.6,6436.45,6358.3,11.41M,1.22%
2014-03-05,6352.3,6358.95,6361.65,6306.85,8.55M,0.29%
2014-03-04,6333.85,5620,6339.4,5620,12.06M,1.51%
2014-03-03,6239.45,6280,6292.9,6228,9.03M,-0.79%
2014-02-28,6289.25,6265.4,6294.75,6260.05,9.75M,-0.04%
2014-02-27,6292,6267,6314.5,6260.75,-,0.85%
2014-02-26,6238.8,6206.15,6243.4,6206.15,10.09M,0.48%
2014-02-25,6209.05,6213.25,6223.3,6178.5,10.14M,0.26%
2014-02-24,6193.2,6155,6199.25,6142.35,8.29M,0.47%
2014-02-21,6163.95,6125,6169.85,6118,8.71M,0.92%
2014-02-20,6107.95,6131,6139.3,6102.85,8.70M,-0.83%
2014-02-19,6159.05,6135.1,6167.4,6129.2,6.17M,0.33%
2014-02-18,6138.8,6087.65,6156.7,6082.1,10.55M,0.78%
2014-02-17,6091.2,6079.6,6098.95,6045,8.35M,0.55%
2014-02-14,6058,6022,6064.9,5992.35,11.36M,0.88%
2014-02-13,6005.45,6103.25,6108.55,5997,11.47M,-1.55%
2014-02-12,6099.75,6102,6126,6088.7,8.46M,0.44%
2014-02-11,6072.75,6088,6095,6066,6.65M,0.13%
2014-02-10,6064.6,6088.25,6107,6054.45,6.38M,-0.17%
2014-02-07,6075.05,6092.1,6099.6,6036.1,10.57M,0.44%
2014-02-06,6048.3,6052.65,6068.15,5975.2,12.32M,-0.01%
2014-02-05,6048.95,6025.5,6055,5982.1,11.10M,0.18%
2014-02-04,6037.85,6000,6048.8,5957.25,12.75M,-0.03%
2014-02-03,6039.7,6087.35,6102.7,6034,8.84M,-1.18%
2014-01-31,6112,6115,6134.85,6090,9.70M,0.63%
2014-01-30,6073.7,6059.9,6078.1,6025.1,14.59M,-0.77%
2014-01-29,6120.8,6165,6175.55,6107.1,9.60M,-0.30%
2014-01-28,6139.4,6145,6171.8,6086.3,18.08M,-0.14%
2014-01-27,6148.05,6195,6209.8,6142.5,15.35M,-2.04%
2014-01-24,6276.15,6317.5,6338.65,6266.4,12.35M,-1.28%
2014-01-23,6357.8,6334.8,6369.2,6322.05,6.67M,0.08%
2014-01-22,6353,6329,6366,6291.6,8.56M,0.42%
2014-01-21,6326.4,6328.45,6342,6305,7.36M,0.10%
2014-01-20,6320.15,6268.3,6332,6248,10.87M,0.93%
2014-01-17,6261.65,6305.05,6338.55,6247.05,11.84M,-1.08%
2014-01-16,6329.85,6330,6351.7,6304.85,8.76M,-0.02%
2014-01-15,6331.1,6270.8,6336,6267.4,12.85M,1.19%
2014-01-14,6256.5,6284,6289.5,6243.65,7.73M,-0.46%
2014-01-13,6285.3,6201.25,6301.6,6201.25,12.18M,1.73%
2014-01-10,6178.25,6182.8,6269,6156,16.42M,-0.10%
2014-01-09,6184.45,6197.55,6203.95,6161.65,8.73M,-0.21%
2014-01-08,6197.5,6207,6217.85,6184.2,8.21M,0.03%
2014-01-07,6195.85,6248,6260,6172.65,12.80M,-0.54%
2014-01-06,6229.2,6240,6249,6203,8.57M,-0.36%
2014-01-03,6251.75,6224.8,6261,6201,12.11M,-0.10%
2014-01-02,6257.75,6354.75,6408.7,6246.05,16.28M,-1.58%
2014-01-01,6358.15,6364.95,6369.9,6345.2,2.40M,0.05%
2013-12-31,6354.7,6352,6380,6339,4.98M,0.32%
2013-12-30,6334.7,6385,6389.55,6322.05,7.15M,-0.59%
2013-12-27,6372.05,6340,6383,6335,5.95M,1.48%
2013-12-26,6278.9,6283.3,6305.65,6266.1,13.33M,-0.04%
2013-12-24,6281.7,6310.2,6312.95,6272,9.64M,-0.33%
2013-12-23,6302.35,6309,6334,6289.3,13.17M,0.16%
2013-12-20,6292.35,6179.7,6301.6,6170,15.17M,1.85%
2013-12-19,6177.8,6284.9,6289.6,6161.1,17.03M,-1.15%
2013-12-18,6249.65,6152.85,6263.85,6151.1,13.02M,1.44%
2013-12-17,6160.85,6216.25,6217.65,6153,8.18M,-0.31%
2013-12-16,6179.7,6193.7,6203.7,6168.45,8.55M,-0.29%
2013-12-13,6197.75,6224.7,6234.55,6189.55,10.29M,-1.07%
2013-12-12,6264.95,6317.8,6318,6257,10.67M,-1.24%
2013-12-11,6343.45,6350.15,6359,6311.8,9.94M,-0.41%
2013-12-10,6369.5,6317.35,6417,6317.35,9.86M,-0.35%
2013-12-09,6391.75,6425.65,6480,6375.5,15.02M,1.40%
2013-12-06,6303.75,6285.25,6319.7,6267.4,8.78M,0.38%
2013-12-05,6279.95,6301.55,6341.4,6267.1,13.75M,1.30%
2013-12-04,6199.15,6223.55,6253.2,6184.4,11.23M,-0.79%
2013-12-03,6248.4,6239.4,6264.8,6223,7.66M,-0.25%
2013-12-02,6263.75,6215,6274.15,6215,8.85M,0.61%
2013-11-29,6225.5,6162,6243.4,6148.8,11.04M,2.19%
2013-11-28,6091.85,6101,6120,6062.55,13.69M,0.36%
2013-11-27,6069.7,6062,6087.4,6038,11.05M,-0.04%
2013-11-26,6071.95,6108.9,6122.25,6063.15,12.78M,-1.01%
2013-11-25,6133.9,6060.1,6141.5,6050,15.31M,1.97%
2013-11-22,6015.25,6044.9,6067,5983,15.99M,-0.05%
2013-11-21,6018.5,6109.7,6114.5,6003,18.38M,-2.12%
2013-11-20,6149.05,6209.9,6234.45,6129.25,14.93M,-1.31%
2013-11-19,6230.5,6215.1,6240,6182.5,8.30M,0.22%
2013-11-18,6217.05,6162.6,6227.7,6151.15,13.69M,1.45%
2013-11-15,6128.25,6120,6153.75,6112,-,0.65%
2013-11-14,6088.95,6080.25,6137.95,6071.3,13.44M,0.93%
2013-11-13,6033,6042.35,6088,6008.1,14.54M,-0.63%
2013-11-12,6071.55,6138,6153.9,6063.6,14.44M,-0.90%
2013-11-11,6126.85,6147,6189,6113.25,13.55M,-0.97%
2013-11-08,6186.6,6217.35,6227,6165.25,12.64M,-0.65%
2013-11-07,6227.3,6265,6338.65,6221.35,17.67M,-0.51%
2013-11-06,6259.15,6303.95,6307.75,6252.85,11.31M,-0.63%
2013-11-05,6298.8,6335.15,6356.25,6284.45,11.57M,-0.79%
2013-11-04,6349.25,6357,6357.5,6306,-,-0.06%
2013-11-03,6353.05,6371.1,6383,6348.1,1.61M,-0.09%
2013-11-01,6358.7,6315.05,6369.95,6312.2,9.05M,0.95%
2013-10-31,6299.15,6238,6302.6,6233.1,16.63M,0.77%
2013-10-30,6250.9,6245.15,6276,6222.85,13.39M,0.35%
2013-10-29,6228.95,6100,6237.7,6080,23.09M,2.03%
2013-10-28,6105.3,6170.15,6181,6097.7,12.27M,-0.75%
2013-10-25,6151.55,6152.35,6188.4,6130.1,13.31M,-0.36%
2013-10-24,6173.8,6180.25,6267.75,6147.25,18.94M,-0.27%
2013-10-23,6190.3,6230.3,6230.3,6126.05,17.71M,-0.52%
2013-10-22,6222.65,6210,6236,6197.3,9.48M,-0.06%
2013-10-21,6226.15,6220,6239,6182.5,10.50M,0.25%
2013-10-18,6210.45,6090,6224,6088.25,17.12M,2.30%
2013-10-17,6071,6123,6139,6058.8,12.86M,-0.63%
2013-10-16,6109.25,6102,6115.75,6075.5,-,-0.02%
2013-10-15,6110.65,6175,6193.6,6077.6,15.42M,-0.53%
2013-10-14,6143.35,6117.35,6154.9,6104.3,9.01M,0.21%
2013-10-11,6130.5,6139.9,6143.15,6072,12.96M,1.17%
2013-10-10,6059.8,6038,6073.8,6005.55,12.62M,0.19%
2013-10-09,6048.5,5918,6057.95,5905,15.28M,1.49%
2013-10-08,5959.45,6000,6021,5944.25,12.62M,0.27%
2013-10-07,5943.2,5937.7,5949.8,5856.5,15.28M,-0.13%
2013-10-04,5950.9,5945.05,6008.95,5926.1,14.69M,-0.27%
2013-10-03,5966.8,5860,5996,5846.1,14.71M,2.30%
2013-10-02,5832.75,5857.75,5875.25,5824.5,-,0.07%
2013-10-01,5828.45,5806.65,5837,5754.05,12.59M,0.64%
2013-09-30,5791.45,5846,5854.85,5774,13.94M,-1.64%
2013-09-27,5888.15,5951.25,5959.65,5875,11.90M,0.10%
2013-09-26,5882.25,5893.9,5923.8,5867.2,16.31M,-0.11%
2013-09-25,5889,5920,5923.9,5820.95,18.04M,-0.43%
2013-09-24,5914.35,5899.9,5962.75,5875.4,18.55M,0.00%
2013-09-23,5914.4,5983.8,6011.15,5887.85,17.27M,-2.04%
2013-09-20,6037.5,6130,6154.55,5950.2,25.09M,-1.76%
2013-09-19,6145.75,6077.7,6174.8,6072,19.88M,3.61%
2013-09-18,5931.45,5890,5945.8,5865.1,10.66M,0.87%
2013-09-17,5880.5,5850,5888.15,5821,11.50M,0.31%
2013-09-16,5862.25,5976,6029,5814.2,18.37M,-0.23%
2013-09-13,5875.9,5835.5,5908.75,5822.2,14.95M,0.26%
2013-09-12,5860.45,5954,5955,5825,15.06M,-1.33%
2013-09-11,5939.65,5889,5954.7,5851.35,17.97M,0.55%
2013-09-10,5907.15,5772.25,5916.35,5771.15,26.16M,2.51%
2013-09-09,5762.75,5734.75,5781.75,5731,-,1.14%
2013-09-06,5697.8,5621,5706.9,5581.75,18.04M,1.62%
2013-09-05,5607.15,5551.6,5640.05,5545,19.77M,2.73%
2013-09-04,5458.05,5338,5475,5318.75,26.11M,2.12%
2013-09-03,5344.55,5555,5572,5323.2,26.10M,-3.78%
2013-09-02,5554.6,5464.1,5568,5458.25,15.53M,1.79%
2013-08-30,5456.75,5400,5482.75,5356,23.87M,0.88%
2013-08-29,5409.05,5328,5427,5298.3,23.89M,2.27%
2013-08-28,5288.95,5218.7,5318.7,5108.25,30.09M,0.08%
2013-08-27,5284.8,5409.9,5424.8,5256.9,24.60M,-3.33%
2013-08-26,5467.1,5482.5,5526.75,5442.4,18.22M,0.12%
2013-08-23,5460.7,5420,5467.95,5370.3,18.84M,0.86%
2013-08-22,5414.3,5260,5425,5250,23.31M,2.32%
2013-08-21,5291.6,5492,5498.7,5257.6,26.70M,-1.98%
2013-08-20,5398.25,5404.9,5419.9,5200,22.55M,-0.34%
2013-08-19,5416.75,5500,5500,5367.05,24.36M,-1.60%
2013-08-16,5505,5716.6,5725,5493.35,25.98M,-3.92%
2013-08-15,5729.5,5731,5757.75,5716.5,-,-0.33%
2013-08-14,5748.3,5719.9,5759,5698.45,12.74M,0.65%
2013-08-13,5711.35,5607,5717,5589.15,12.92M,1.59%
2013-08-12,5621.75,5598.5,5658.95,5568.1,13.23M,1.37%
2013-08-09,5545.75,5593.75,5596.75,5533.75,-,-0.79%
2013-08-08,5589.7,5552.15,5602,5541.5,10.42M,0.64%
2013-08-07,5554.15,5578,5603,5515.8,18.09M,-0.34%
2013-08-06,5573.35,5687.85,5688.95,5546.05,16.48M,-2.63%
2013-08-05,5723.6,5720,5762.7,5695.55,9.57M,0.32%
2013-08-02,5705.55,5779,5787.3,5681.6,11.60M,-0.98%
2013-08-01,5762.05,5799,5841,5701,18.06M,-0.33%
2013-07-31,5781.05,5780,5792.5,5715,13.37M,-0.28%
2013-07-30,5797.55,5883.3,5905,5787.3,13.49M,-1.36%
2013-07-29,5877.35,5915.55,5924,5871,7.37M,-0.81%
2013-07-26,5925.25,5955,5974.25,5907.5,11.13M,0.30%
2013-07-25,5907.5,5980.2,5994.7,5899.05,16.24M,-1.59%
2013-07-24,6002.7,6046.55,6059,5971.2,14.95M,-1.38%
2013-07-23,6087,6077,6107.25,6069.6,11.90M,0.72%
2013-07-22,6043.55,6028.8,6072.9,6017.95,9.03M,0.02%
2013-07-19,6042.55,6054,6074.4,6034.05,10.12M,-0.16%
2013-07-18,6052.4,5986.25,6066.2,5981.1,11.62M,1.37%
2013-07-17,5970.85,5982.85,5998.8,5932.05,12.31M,0.02%
2013-07-16,5969.7,6032,6032,5844.4,12.42M,-1.04%
2013-07-15,6032.6,6005.6,6044.75,5984.45,9.91M,0.42%
2013-07-12,6007.25,6004.9,6021,5951,12.36M,1.11%
2013-07-11,5941.35,5898.15,5963,5893,14.38M,2.05%
2013-07-10,5822.05,5877,5887,5808,10.09M,-0.79%
2013-07-09,5868.35,5850.55,5876.9,5842.2,8.95M,0.67%
2013-07-08,5829.25,5837.4,5844,5772.6,12.81M,-0.78%
2013-07-05,5874.95,5870.1,5904.8,5858.4,9.33M,0.60%
2013-07-04,5840.1,5793.95,5854.6,5781,13.84M,1.25%
2013-07-03,5767.85,5816.4,5816.4,5755,12.70M,-1.56%
2013-07-02,5859.05,5878,5889.8,5850.1,9.09M,-0.56%
2013-07-01,5892.2,5829.9,5896.5,5825.05,10.81M,0.87%
2013-06-28,5841.45,5761.15,5852,5761.15,15.65M,2.80%
2013-06-27,5682.35,5639.4,5702.9,5627.05,19.90M,1.81%
2013-06-26,5581.1,5620,5630.6,5571,15.27M,-0.48%
2013-06-25,5608.3,5603,5667.55,5568.55,19.32M,0.36%
2013-06-24,5588.3,5628,5628,5556.6,15.29M,-1.30%
2013-06-21,5661.85,5629.9,5682,5613.9,15.17M,0.24%
2013-06-20,5648.45,5749.5,5750,5640.25,17.43M,-2.99%
2013-06-19,5822.7,5802.65,5829.1,5776.15,10.49M,0.18%
2013-06-18,5812,5839.9,5867.4,5800.2,11.98M,-0.61%
2013-06-17,5847.75,5818.5,5852,5770,12.99M,0.72%
2013-06-14,5805.95,5769,5823.45,5735,12.11M,1.76%
2013-06-13,5705.45,5720.25,5738.45,5692.25,13.30M,-1.15%
2013-06-12,5771.9,5778.9,5808.8,5747.2,13.94M,-0.51%
2013-06-11,5801.65,5868,5877.45,5793.6,17.58M,-1.56%
2013-06-10,5893.35,5920.1,5939.7,5867.25,10.68M,-0.03%
2013-06-07,5895.2,5933.5,5989.95,5883.1,16.65M,-0.70%
2013-06-06,5936.85,5900,5969.25,5878.3,12.39M,-0.02%
2013-06-05,5938.3,5920.55,5951.9,5896.25,11.14M,0.10%
2013-06-04,5932.35,5948.25,5994.9,5921,9.72M,-0.45%
2013-06-03,5959.2,6020,6080.15,5925,11.31M,-0.68%
2013-05-31,6000.05,6119,6119,5991,13.90M,-2.02%
2013-05-30,6124.05,6052,6131,6052,13.92M,0.55%
2013-05-29,6090.25,6113.4,6113.4,6055.55,11.40M,-0.31%
2013-05-28,6109.4,6071,6127,6048.1,15.35M,0.43%
2013-05-27,6083.45,5988.75,6100,5972.75,11.92M,1.64%
2013-05-24,5985.4,6000,6011.45,5936.1,12.14M,0.32%
2013-05-23,5966.1,6078,6079.9,5952.6,18.33M,-2.26%
2013-05-22,6104.05,6134,6154,6081.3,10.18M,-0.21%
2013-05-21,6116.9,6168.55,6189.6,6106,11.75M,-0.78%
2013-05-20,6164.85,6206.1,6239,6154.35,9.21M,-0.50%
2013-05-17,6196.1,6185.1,6209.2,6152.55,7.93M,0.29%
2013-05-16,6178.05,6159.95,6198,6143.55,9.61M,0.27%
2013-05-15,6161.5,6026.6,6168.9,6026.25,15.97M,2.59%
2013-05-14,6006,5994.5,6039.9,5980.5,11.25M,0.19%
2013-05-13,5994.45,6114.85,6119,5986.1,12.41M,-2.03%
2013-05-11,6118.7,6101.85,6129.9,6099,732.70K,0.17%
2013-05-10,6108.35,6053,6118,6045.45,9.73M,0.98%
2013-05-09,6048.95,6090,6090,6038.1,7.72M,-0.43%
2013-05-08,6075.2,6067.2,6089.9,6025.3,9.73M,0.41%
2013-05-07,6050.3,5988.2,6057,5985.05,9.51M,1.32%
2013-05-06,5971.3,5960,5981.4,5930.2,7.66M,0.39%
2013-05-03,5948.25,6000.1,6006,5937.45,13.03M,-0.98%
2013-05-02,6007.4,5936,6024.95,5930,12.02M,0.63%
2013-05-01,5969.75,5956.75,5987.75,5954.25,-,0.69%
2013-04-30,5929,5950,5965.9,5867,11.40M,0.18%
2013-04-29,5918.2,5894,5934.9,5884.65,6.12M,0.52%
2013-04-26,5887.75,5919,5920,5877.15,8.26M,-0.48%
2013-04-25,5916.3,5898.4,5924.35,5861,16.80M,-0.26%
2013-04-24,5931.75,5892.25,5945.75,5892,-,1.52%
2013-04-23,5843,5833.45,5852.45,5795.6,13.85M,0.17%
2013-04-22,5832.85,5816.3,5843.1,5791,12.64M,0.49%
2013-04-19,5804.25,5769.5,5812.25,5762.25,-,0.37%
2013-04-18,5783,5719.9,5796.7,5685.45,12.52M,1.56%
2013-04-17,5694.2,5709.95,5733.45,5666.2,12.93M,-0.04%
2013-04-16,5696.35,5549,5708,5538.9,17.86M,2.30%
2013-04-15,5568.05,5510,5600.95,5503.15,11.73M,0.59%
2013-04-12,5535.2,5529,5563,5515.1,10.97M,-1.07%
2013-04-11,5594.8,5595,5617.85,5542.2,12.73M,0.56%
2013-04-10,5563.85,5529,5577.65,5480.3,14.30M,1.15%
2013-04-09,5500.85,5584.9,5622.4,5494,14.27M,-1.05%
2013-04-08,5559,5550,5587.2,5550,6.59M,-0.23%
2013-04-05,5572.05,5586,5594,5552.8,11.99M,-0.38%
2013-04-04,5593.2,5657.75,5658.5,5583.3,13.88M,-1.67%
2013-04-03,5688.1,5746,5763.2,5666.4,10.41M,-1.36%
2013-04-02,5766.6,5711,5773.35,5704.6,8.27M,0.70%
2013-04-01,5726.55,5716.35,5743,5696.1,7.67M,0.13%
2013-03-29,5719.25,5717.75,5725.25,5715.75,-,0.65%
2013-03-28,5682.55,5635.25,5684.55,5604,14.33M,0.17%
2013-03-27,5673,5693.75,5698,5645.25,-,0.58%
2013-03-26,5640.35,5624,5658.8,5619.55,10.86M,-0.08%
2013-03-25,5645.05,5700,5717.2,5633.9,12.40M,-0.41%
2013-03-22,5668.4,5660,5707.6,5641.95,11.50M,0.07%
2013-03-21,5664.45,5729.9,5772,5655.05,17.13M,-0.89%
2013-03-20,5715.5,5735,5758.55,5701,13.18M,-0.63%
2013-03-19,5751.9,5863,5869.45,5736.55,20.02M,-1.70%
2013-03-18,5851.4,5844.7,5869.7,5834.9,8.58M,-0.77%
2013-03-15,5897.1,5945,5967.4,5880,12.96M,-0.72%
2013-03-14,5939.75,5861.6,5949.9,5805.05,18.55M,1.23%
2013-03-13,5867.75,5909.8,5916,5858,9.16M,-1.17%
2013-03-12,5937.25,5962.4,5975,5914.1,10.61M,-0.34%
2013-03-11,5957.4,5967.65,5990.1,5948,8.46M,-0.18%
2013-03-08,5968.3,5908,5981.55,5901,12.73M,1.34%
2013-03-07,5889.4,5830,5903.35,5816.15,9.89M,0.82%
2013-03-06,5841.35,5821.55,5849.8,5813.65,8.07M,0.66%
2013-03-05,5802.8,5732.55,5808.4,5729.75,10.06M,1.50%
2013-03-04,5716.85,5718.4,5725,5678.1,8.94M,-0.23%
2013-03-01,5729.95,5718.95,5757.4,5703.25,11.67M,0.65%
2013-02-28,5693.05,5839.7,5842.2,5673.9,20.87M,-1.81%
2013-02-27,5797.9,5781.15,5817.45,5748.8,11.87M,0.54%
2013-02-26,5767,5832.6,5838,5755.25,16.05M,-1.55%
2013-02-25,5857.8,5868.75,5899,5822,12.31M,0.07%
2013-02-22,5853.95,5825.55,5883.25,5825,8.27M,0.01%
2013-02-21,5853.45,5929,5939,5846.6,12.67M,-1.85%
2013-02-20,5963.85,5970.25,5974.4,5948.1,6.63M,0.18%
2013-02-19,5953.4,5906.5,5961,5888.2,7.79M,0.83%
2013-02-18,5904.6,5895,5921.25,5884.15,5.25M,0.20%
2013-02-15,5892.65,5889.7,5909,5858.65,10.39M,-0.13%
2013-02-14,5900.2,5941.9,5950.2,5889.05,8.98M,-0.61%
2013-02-13,5936.55,5948,5979.25,5926.65,8.39M,-0.08%
2013-02-12,5941.4,5911.55,5947.25,5903,6.55M,0.34%
2013-02-11,5921.35,5915,5937,5905,6.05M,-0.01%
2013-02-08,5921.8,5960,5973.45,5900,8.69M,-0.66%
2013-02-07,5961.1,5955,5992.45,5940.1,9.26M,-0.20%
2013-02-06,5972.9,5988.25,5993.65,5966.2,5.60M,-0.03%
2013-02-05,5974.45,5969.8,5993.1,5964.25,7.60M,-0.36%
2013-02-04,5996.3,6050,6063.75,5990.3,7.99M,-0.66%
2013-02-01,6036.1,6068.95,6078,6026.6,6.91M,0.02%
2013-01-31,6034.75,6067.8,6067.8,6027.4,10.39M,-0.42%
2013-01-30,6060.3,6072,6076.15,6047.85,7.61M,0.18%
2013-01-29,6049.4,6071,6120,6041.2,13.21M,-0.46%
2013-01-28,6077.2,6080.25,6091.3,6063.5,6.49M,0.06%
2013-01-25,6073.7,6028.25,6082.55,6014.9,9.44M,0.90%
2013-01-24,6019.75,6064.85,6068.45,6009.85,10.29M,-0.81%
2013-01-23,6069.15,6068,6079.95,6028.2,8.41M,0.13%
2013-01-22,6061.55,6101.3,6109,6054.5,7.29M,-0.57%
2013-01-21,6096.45,6089.85,6107.5,6070.5,6.63M,0.36%
2013-01-18,6074.85,6075,6094.5,6060.15,6.76M,0.34%
2013-01-17,6054.45,6025,6072.45,6000.1,10.60M,0.58%
2013-01-16,6019.25,6069.4,6075.55,6011.1,9.24M,-1.02%
2013-01-15,6081.3,6059,6096,6036.55,9.17M,0.39%
2013-01-14,6057.5,5988,6067.25,5985.1,10.35M,1.34%
2013-01-11,5977.3,6027.25,6038,5969.15,9.49M,-0.44%
2013-01-10,6003.6,6018,6034,5983.75,8.42M,0.08%
2013-01-09,5998.75,6040,6048.6,5981.35,8.52M,-0.74%
2013-01-08,6043.3,6015.05,6050.4,5993,8.36M,0.33%
2013-01-07,6023.7,6052.5,6059,6013.65,5.33M,-0.40%
2013-01-04,6048,6031.05,6052.5,6012.5,6.11M,0.14%
2013-01-03,6039.55,6058.15,6058.15,6026.6,5.26M,0.06%
2013-01-02,6035.65,6007.5,6049.9,6007.5,7.40M,0.47%
2013-01-01,6007.5,5958,6017.45,5958,5.93M,0.94%
2012-12-31,5951.75,5979,5979,5942.25,3.82M,-0.05%
2012-12-28,5954.55,5932.5,5960,5930,6.23M,1.44%
2012-12-27,5870.1,5925.6,5931.55,5867.6,10.94M,-0.74%
2012-12-26,5913.75,5871,5926.45,5864.5,9.19M,-0.14%
2012-12-25,5922,5922,5922,5922,-,0.96%
2012-12-24,5865.55,5871.35,5877.55,5853.5,7.16M,0.21%
2012-12-21,5853.4,5900,5905,5847.4,14.03M,-1.31%
2012-12-20,5931.15,5940.05,5949.7,5895.05,11.07M,-0.26%
2012-12-19,5946.9,5951.1,5961.4,5935.1,6.40M,0.30%
2012-12-18,5928.9,5904,5950,5838.05,14.05M,0.67%
2012-12-17,5889.35,5902.7,5907.7,5881.1,5.44M,-0.43%
2012-12-14,5914.9,5884.95,5922.8,5871.9,9.90M,0.65%
2012-12-13,5876.45,5937.45,5939,5865.35,10.62M,-0.87%
2012-12-12,5928.25,5940.55,5963.2,5915.65,10.77M,0.00%
2012-12-11,5928.4,5957.35,6002.85,5897.55,13.87M,-0.24%
2012-12-10,5942.45,5944,5955,5923.8,5.82M,-0.04%
2012-12-07,5944.9,5979.95,5979.95,5921.75,10.48M,-0.43%
2012-12-06,5970.65,5953,5984.65,5870.1,13.89M,0.51%
2012-12-05,5940.45,5945.3,5958.85,5928.1,7.32M,0.28%
2012-12-04,5923.65,5901,5928,5892,6.53M,0.20%
2012-12-03,5911.6,5915.35,5933,5888,7.13M,0.04%
2012-11-30,5909.05,5891.1,5926,5868.05,11.84M,1.44%
2012-11-29,5825,5734.6,5837.8,5734.6,14.54M,1.01%
2012-11-28,5767,5780.5,5784,5749.25,-,0.61%
2012-11-27,5732.05,5658,5738,5656.5,12.76M,1.58%
2012-11-26,5642.75,5651.1,5654.9,5629.75,7.00M,0.17%
2012-11-23,5633.35,5647.3,5647.5,5597.2,8.56M,-0.13%
2012-11-22,5640.45,5627,5657.65,5614,8.33M,0.33%
2012-11-21,5622.1,5590.1,5628,5569.7,9.33M,0.69%
2012-11-20,5583.85,5611.1,5616.65,5555.55,8.66M,-0.10%
2012-11-19,5589.65,5588,5603.6,5561.55,8.37M,0.16%
2012-11-16,5580.55,5648,5664,5568,10.87M,-1.21%
2012-11-15,5649.15,5655,5661.5,5620,9.58M,-0.96%
2012-11-14,5703.75,5692.5,5713.75,5689.25,-,0.41%
2012-11-13,5680.7,5698.8,5708,5671,2.89M,-0.53%
2012-11-12,5711.1,5717.3,5733,5693.1,6.84M,-0.17%
2012-11-09,5720.6,5756.2,5782.1,5702.6,10.59M,-0.77%
2012-11-08,5765.2,5744.7,5776.8,5740,9.32M,-0.48%
2012-11-07,5793.25,5760.05,5818.8,5742.5,11.88M,0.46%
2012-11-06,5766.65,5728,5774.8,5728,7.02M,0.47%
2012-11-05,5739.65,5759.95,5759.95,5710.95,5.84M,0.00%
2012-11-02,5739.55,5709.95,5747.95,5700,9.54M,1.12%
2012-11-01,5676,5637.7,5684.8,5628.9,8.37M,0.53%
2012-10-31,5646.1,5629,5651.8,5613.2,7.23M,0.32%
2012-10-30,5628,5694.8,5724.8,5619.15,14.57M,-1.30%
2012-10-29,5702.1,5708,5729.85,5678.35,7.47M,0.05%
2012-10-26,5699.3,5711.1,5727.9,5673.45,10.02M,-0.11%
2012-10-25,5705.3,5687,5717.95,5681.4,12.73M,0.28%
2012-10-24,5689.25,5672.75,5699.75,5667,-,-0.11%
2012-10-23,5695.5,5715,5721.8,5683.4,14.19M,-0.51%
2012-10-22,5724.75,5670,5730.55,5666.45,13.10M,0.64%
2012-10-19,5688.3,5717,5721.5,5665,12.01M,-0.84%
2012-10-18,5736.45,5685.55,5743.95,5664.8,13.43M,1.18%
2012-10-17,5669.5,5686.15,5694.85,5645.55,8.44M,0.32%
2012-10-16,5651.55,5725,5732,5637.4,11.12M,-0.90%
2012-10-15,5702.75,5687,5715,5664.4,8.61M,0.28%
2012-10-12,5686.55,5717.9,5742.7,5678,11.74M,-0.92%
2012-10-11,5739.35,5669,5749,5656.3,12.54M,1.18%
2012-10-10,5672.45,5692.3,5710.75,5666.9,11.45M,-0.90%
2012-10-09,5723.9,5732,5756.75,5696.8,10.85M,0.40%
2012-10-08,5701,5765,5775,5694.25,9.83M,-1.31%
2012-10-05,5776.55,5855.6,5855.6,5732.4,18.49M,-0.84%
2012-10-04,5825.7,5785,5842,5780,11.11M,1.00%
2012-10-03,5768.25,5763.7,5773,5741.75,9.19M,-0.54%
2012-10-02,5799.5,5771.75,5811.5,5762.25,-,0.79%
2012-10-01,5754.15,5725.6,5759,5718,6.18M,0.43%
2012-09-28,5729.55,5714.9,5766.05,5711,11.66M,1.42%
2012-09-27,5649.5,5700,5700,5644,16.98M,-0.36%
2012-09-26,5669.85,5663.9,5678.25,5643.6,12.97M,-0.23%
2012-09-25,5683,5688.95,5708.85,5661.9,14.54M,0.02%
2012-09-24,5681.65,5728.9,5728.9,5675.5,11.08M,-0.45%
2012-09-21,5707.05,5583.85,5735.55,5583.85,20.61M,2.44%
2012-09-20,5571,5552,5594.6,5551.25,9.65M,0.28%
2012-09-19,5555.5,5580.5,5585.5,5532.75,-,-1.01%
2012-09-18,5612.25,5614,5631.65,5601.2,7.98M,-0.08%
2012-09-17,5616.7,5670.1,5670.1,5593.5,15.87M,0.57%
2012-09-14,5584.9,5530.05,5597.7,5530.05,16.37M,2.46%
2012-09-13,5450.7,5450,5454.95,5435.35,6.40M,0.07%
2012-09-12,5446.95,5423.2,5452.9,5402.45,10.92M,0.77%
2012-09-11,5405.35,5359.7,5409,5335,9.78M,0.63%
2012-09-10,5371.65,5383.7,5386.7,5358.5,7.44M,-0.16%
2012-09-08,5380.2,5369,5389.6,5362.05,1.12M,0.39%
2012-09-07,5359.1,5329.95,5362.75,5326,12.28M,1.86%
2012-09-06,5261.1,5238,5285.9,5237,9.51M,0.15%
2012-09-05,5253.35,5275,5279.95,5240.9,9.95M,-0.87%
2012-09-04,5299.4,5283.5,5304.8,5258.65,8.49M,0.31%
2012-09-03,5282.9,5301.2,5324.3,5272.3,9.65M,-0.17%
2012-08-31,5291.65,5321,5328,5268.95,13.35M,-0.44%
2012-08-30,5315.05,5280,5319,5258.7,20.45M,0.35%
2012-08-29,5296.6,5350,5350,5292.5,12.67M,-0.92%
2012-08-28,5346.05,5361.65,5365.5,5320.95,13.33M,-0.30%
2012-08-27,5362.4,5403.25,5406.45,5358.1,9.46M,-0.75%
2012-08-24,5402.7,5412,5414,5381.05,10.59M,-0.45%
2012-08-23,5427.15,5444,5462.95,5403.15,11.03M,-0.07%
2012-08-22,5431.1,5405.65,5454.75,5405.65,8.43M,-0.20%
2012-08-21,5441.9,5385,5447.05,5373.05,10.03M,0.90%
2012-08-20,5393.5,5382,5408.5,5361.75,-,0.21%
2012-08-17,5382.35,5385.05,5423.6,5351.55,12.07M,0.01%
2012-08-16,5382,5408,5410,5376.2,7.93M,-0.36%
2012-08-15,5401.25,5409.5,5414.25,5368.25,-,-0.10%
2012-08-14,5406.85,5369.9,5416.9,5355.55,11.08M,0.65%
2012-08-13,5371.9,5338,5377.7,5326.85,8.04M,0.50%
2012-08-10,5345.1,5341,5359.9,5320.1,9.16M,-0.09%
2012-08-09,5350.05,5365,5384,5332,11.98M,-0.09%
2012-08-08,5354.75,5355.05,5393.55,5345.5,13.11M,0.13%
2012-08-07,5347.7,5301,5366.8,5295.05,12.44M,0.96%
2012-08-06,5296.85,5287.15,5309.9,5278.1,9.75M,1.06%
2012-08-03,5241.05,5100,5246.75,5100,14.08M,-0.11%
2012-08-02,5246.7,5248,5252.9,5222.1,7.95M,-0.18%
2012-08-01,5256.3,5239,5266.8,5229,9.42M,0.30%
2012-07-31,5240.55,5242.65,5247,5168,16.36M,0.46%
2012-07-30,5216.7,5157,5224,5150.25,13.25M,1.82%
2012-07-27,5123.55,5144.45,5179.75,5095.5,17.06M,1.60%
2012-07-26,5043,5124,5124,5034.1,16.92M,-1.36%
2012-07-25,5112.55,5124.65,5126,5078.25,15.47M,-0.44%
2012-07-24,5135.35,5112,5152.95,5107.25,15.86M,0.29%
2012-07-23,5120.4,5173.25,5174,5111.55,12.75M,-1.84%
2012-07-20,5216.6,5241.85,5248.5,5205.7,9.82M,-0.77%
2012-07-19,5257,5260.6,5268.35,5242.5,9.16M,0.64%
2012-07-18,5223.55,5209,5237.25,5177.2,10.78M,0.48%
2012-07-17,5198.65,5245.25,5248,5188.2,10.01M,-0.16%
2012-07-16,5206.85,5175.05,5261.05,5175.05,10.82M,-0.64%
2012-07-13,5240.45,5256.85,5276.9,5228.8,10.43M,-0.21%
2012-07-12,5251.4,5270,5279.95,5228.65,15.46M,-1.34%
2012-07-11,5322.9,5326.3,5352.15,5312.6,9.62M,-0.66%
2012-07-10,5358.15,5284.9,5363.7,5280,13.47M,1.49%
2012-07-09,5279.4,5310,5318,5263,11.00M,-0.90%
2012-07-06,5327.2,5334.8,5340,5297.4,10.76M,-0.32%
2012-07-05,5344.5,5311.35,5354.5,5307.5,9.31M,0.41%
2012-07-04,5322.65,5317.7,5331.85,5287.35,10.43M,0.32%
2012-07-03,5305.75,5321.65,5333.7,5271.5,11.80M,0.19%
2012-07-02,5295.6,5311.25,5324.9,5278.15,10.13M,-0.03%
2012-06-29,5297.35,5215.3,5309.75,5215.3,17.98M,2.88%
2012-06-28,5149.15,5154,5159,5121,14.08M,0.18%
2012-06-27,5139.65,5151.85,5162.15,5124,11.79M,0.27%
2012-06-26,5125.7,5101.1,5141.5,5093.35,15.16M,0.32%
2012-06-25,5109.3,5148.9,5202.9,5098.2,19.76M,-0.81%
2012-06-22,5151.15,5110.1,5167.05,5090.6,18.18M,-0.44%
2012-06-21,5173.85,5109.95,5178.5,5092.05,15.52M,1.00%
2012-06-20,5122.45,5114.3,5143.9,5096.25,11.62M,0.23%
2012-06-19,5110.6,5058,5120.9,5047.15,18.68M,1.02%
2012-06-18,5058.8,5180.5,5191,5031.35,22.67M,-1.73%
2012-06-15,5147.7,5075.15,5156,5072.8,14.77M,1.85%
2012-06-14,5054.1,5113.15,5138.75,5046.25,15.59M,-1.34%
2012-06-13,5123,5120,5144.85,5090.65,14.25M,-0.07%
2012-06-12,5126.45,5025,5138,5022,18.19M,1.46%
2012-06-11,5052.6,5101.2,5124,5034.5,15.07M,-0.13%
2012-06-08,5059.4,5009,5079,4965,16.84M,0.60%
2012-06-07,5029.35,5025,5037.4,4981,13.57M,1.02%
2012-06-06,4978.6,4882.65,4987.8,4882.65,16.93M,2.73%
2012-06-05,4846.3,4856,4878.8,4822.1,12.32M,0.12%
2012-06-04,4840.5,4775,4852,4760.5,13.57M,0.33%
2012-06-01,4824.55,4908.5,4914.55,4815,14.73M,-2.02%
2012-05-31,4924.25,4900,4926.55,4880.2,16.84M,-0.18%
2012-05-30,4933.05,4949.95,4964,4926.1,13.31M,-0.98%
2012-05-29,4981.65,5011.3,5011.3,4966.1,13.24M,0.13%
2012-05-28,4975.4,4929,4987.7,4925.2,14.07M,1.15%
2012-05-25,4918.85,4905.4,4933,4877.25,13.06M,0.12%
2012-05-24,4913.1,4830.1,4924.9,4812.2,22.21M,2.05%
2012-05-23,4814.55,4827.7,4838.35,4782.2,18.30M,-0.55%
2012-05-22,4841.2,4938,4940,4830.45,15.82M,-1.08%
2012-05-21,4893.9,4896.65,4931.95,4882.4,12.64M,0.10%
2012-05-18,4888.95,4778,4906.3,4767.45,20.38M,0.76%
2012-05-17,4852.3,4872,4911.45,4830,14.79M,-0.09%
2012-05-16,4856.9,4869,4878.55,4827.3,17.57M,-1.73%
2012-05-15,4942.25,4860,4954.75,4860,14.41M,1.10%
2012-05-14,4888.25,4930,4950,4865.05,10.08M,-0.87%
2012-05-11,4931.35,5056,5056,4900.1,18.50M,-0.71%
2012-05-10,4966.8,4987,5045.8,4945.55,17.00M,-0.34%
2012-05-09,4983.95,4970,5027.95,4954.95,17.59M,-0.43%
2012-05-08,5005.6,5120,5126,4987.05,19.71M,-2.35%
2012-05-07,5125.95,5024.35,5139.5,5001,20.95M,0.55%
2012-05-04,5097.95,5171.1,5181.4,5082.55,17.09M,-1.96%
2012-05-03,5199.8,5224,5233.95,5189,12.53M,-0.90%
2012-05-02,5246.95,5281.3,5301.7,5236.05,10.61M,0.22%
2012-05-01,5235.5,5257,5258,5225.75,-,-0.61%
2012-04-30,5267.85,5229,5288,5226.15,10.96M,0.68%
2012-04-28,5232.2,5216,5240,5215,1.05M,0.41%
2012-04-27,5210.8,5200,5250,5168.5,14.35M,0.42%
2012-04-26,5189,5221.15,5221.15,5174.95,14.38M,-0.18%
2012-04-25,5198.6,5220,5235.4,5153.4,21.70M,-0.49%
2012-04-24,5224.35,5199.8,5238.9,5186.2,16.52M,0.50%
2012-04-23,5198.6,5297,5314.65,5182.25,16.04M,-1.95%
2012-04-20,5302,5310,5353.55,5000,17.05M,-1.22%
2012-04-19,5367.75,5321,5371.75,5312.25,-,1.04%
2012-04-18,5312.25,5350.25,5360.5,5312.25,-,-0.18%
2012-04-17,5322,5245.5,5327.75,5210.25,-,1.18%
2012-04-16,5259.75,5179.25,5264.5,5171.75,-,0.84%
2012-04-13,5216,5346.75,5359.75,5195.75,-,-1.24%
2012-04-12,5281.75,5250,5305.5,5241,-,0.43%
2012-04-11,5259,5210.5,5288,5199.5,-,0.02%
2012-04-10,5257.75,5255.25,5275.5,5220.5,-,0.23%
2012-04-09,5245.5,5292.25,5297.75,5241.75,-,-1.55%
2012-04-06,5328.25,5335.25,5344,5323,-,0.30%
2012-04-05,5312.25,5297.5,5357.75,5296.25,-,-0.53%
2012-04-04,5340.5,5353.25,5371,5321.25,-,-0.77%
2012-04-03,5382,5391.25,5407,5365,-,0.42%
2012-04-02,5359.5,5317.75,5369.5,5304.5,-,0.58%
2012-03-30,5328.75,5218.5,5346.75,5218.5,-,1.86%
2012-03-29,5231.5,5217.5,5245.25,5182,-,-0.45%
2012-03-28,5255.25,5297.75,5297.75,5219.5,-,-0.86%
2012-03-27,5300.75,5287.25,5336.5,5231.25,-,1.20%
2012-03-26,5238,5333.25,5333.75,5221.5,-,-1.00%
2012-03-23,5291,5256.25,5327,5231.25,-,1.05%
2012-03-22,5236.25,5387.75,5408.25,5220.5,-,-3.08%
2012-03-21,5402.75,5284,5405.75,5274.75,-,2.20%
2012-03-20,5286.5,5304.5,5324.25,5249.25,-,0.25%
2012-03-19,5273.25,5366.5,5371.25,5257,-,-1.13%
2012-03-16,5333.5,5422,5480.25,5327.5,-,-1.39%
2012-03-15,5408.5,5505.75,5512,5394.25,-,-1.85%
2012-03-14,5510.25,5532,5556.75,5470.75,-,0.75%
2012-03-13,5469.5,5410,5477.25,5407.25,-,1.67%
2012-03-12,5379.75,5400,5416.75,5342.25,-,0.17%
2012-03-09,5370.5,5306.5,5374.75,5300.25,-,1.12%
2012-03-08,5311.25,5242.25,5335.5,5222,-,0.99%
2012-03-07,5259.25,5186,5275.5,5176.5,-,0.62%
2012-03-06,5227,5320,5423.75,5213,-,-1.77%
2012-03-05,5321.25,5398,5402,5291.75,-,-1.39%
2012-03-03,5396.5,5394.1,5403,5386.5,798.50K,0.01%
2012-03-02,5396,5409.25,5435.25,5349.75,-,0.25%
2012-03-01,5382.5,5429,5435,5339,-,-0.93%
2012-02-29,5433,5466.75,5512.5,5398.25,-,-0.17%
2012-02-28,5442.25,5345.25,5457.75,5337,-,2.36%
2012-02-27,5317,5467,5478.5,5316.5,-,-3.06%
2012-02-24,5485,5560.75,5568.75,5456.25,-,-0.80%
2012-02-23,5529.5,5553.5,5591.25,5501.75,-,-0.59%
2012-02-22,5562.25,5645,5673.75,5546.5,-,-1.59%
2012-02-21,5652.25,5652.5,5673.75,5597.5,-,0.26%
2012-02-20,5637.5,5670.25,5694.75,5625.25,-,0.77%
2012-02-17,5594.5,5571.25,5619.75,5565.5,-,1.15%
2012-02-16,5531,5549.25,5570.25,5503.25,-,-0.41%
2012-02-15,5554,5444,5565.75,5437.25,-,1.83%
2012-02-14,5454,5406,5459.75,5398.5,-,0.72%
2012-02-13,5415.25,5392.25,5445.75,5367.75,-,0.71%
2012-02-10,5377,5430.5,5442,5350.25,-,-1.14%
2012-02-09,5438.75,5376.25,5451.75,5360.25,-,0.91%
2012-02-08,5389.5,5378,5425.25,5344.25,-,0.53%
2012-02-07,5361.25,5396.75,5413,5339,-,0.01%
2012-02-06,5360.5,5389.5,5394.75,5331.25,-,0.38%
2012-02-03,5340,5288,5356.25,5264.25,-,1.25%
2012-02-02,5274,5296.75,5305,5231.5,-,0.18%
2012-02-01,5264.75,5201.75,5269.75,5177.25,-,0.76%
2012-01-31,5225.25,5138,5230.5,5130.75,-,2.48%
2012-01-30,5099,5179.75,5188.5,5087,-,-2.21%
2012-01-27,5214.25,5216,5225.25,5170,-,-0.47%
2012-01-26,5238.75,5211,5238.75,5171.25,-,1.17%
2012-01-25,5178,5158,5195.25,5151.25,-,0.89%
2012-01-24,5132.5,5094.25,5172,5071,-,1.11%
2012-01-23,5076,5139.25,5207.25,5060.5,-,0.41%
2012-01-20,5055.5,5058.75,5076.5,5006.25,-,0.60%
2012-01-19,5025.25,4980,5033.75,4978.5,-,1.50%
2012-01-18,4950.75,4971.5,4979.75,4934.25,-,-0.54%
2012-01-17,4977.5,4883.75,4987.25,4880.25,-,1.82%
2012-01-16,4888.75,4855.5,4896.75,4834.25,-,0.07%
2012-01-13,4885.5,4871.5,4916.75,4841.5,-,0.45%
2012-01-12,4863.75,4862.25,4886.5,4815.25,-,-0.13%
2012-01-11,4870.25,4879.5,4886.25,4844.25,-,0.07%
2012-01-10,4867,4766,4875.75,4765.75,-,2.49%
2012-01-09,4748.75,4747.25,4774.5,4700.5,-,-0.24%
2012-01-07,4760,4775,4775,4755,1.46M,-0.32%
2012-01-06,4775.25,4747.5,4817.25,4688.75,-,0.67%
2012-01-05,4743.25,4746,4788,4737,-,-0.15%
2012-01-04,4750.5,4787.75,4795.25,4735.5,-,-0.46%
2012-01-03,4772.25,4681.75,4787.5,4652,-,2.83%
2012-01-02,4641,4600.5,4648,4594,-,0.54%
2011-12-30,4616.25,4702.75,4726,4606.5,-,-1.19%
2011-12-29,4671.75,4700.5,4718.25,4656.75,-,-0.96%
2011-12-28,4717.25,4773,4791.5,4700.25,-,-1.16%
2011-12-27,4772.5,4804.25,4820.75,4738.75,-,1.14%
2011-12-26,4718.5,4718.5,4718.5,4718.5,-,0.00%
2011-12-23,4718.5,4782,4782.5,4695,-,-0.57%
2011-12-22,4745.75,4699.75,4755,4637.25,-,0.61%
2011-12-21,4716.75,4659.25,4724,4611.25,-,3.53%
2011-12-20,4555.75,4601,4633.25,4534.25,-,-1.11%
2011-12-19,4606.75,4592.5,4628.75,4558.5,-,-0.24%
2011-12-16,4617.75,4758.25,4834.75,4617.75,-,-2.98%
2011-12-15,4759.75,4730.25,4780.75,4664.75,-,0.02%
2011-12-14,4758.75,4787,4841.75,4743.5,-,-1.49%
2011-12-13,4830.5,4717,4834.25,4712.5,-,1.56%
2011-12-12,4756.25,4919.75,4932.5,4749,-,-2.36%
2011-12-09,4871,4895.5,4932.25,4841.5,-,-1.55%
2011-12-08,4947.5,5056,5069,4932.5,-,-2.30%
2011-12-07,5063.75,5058.75,5132.5,5049.5,-,0.48%
2011-12-06,5039.5,5056,5072.5,5014,-,-0.57%
2011-12-05,5068.25,5068.5,5082.75,5021,-,-0.36%
2011-12-02,5086.75,4965.75,5094.5,4935.25,-,2.50%
2011-12-01,4962.75,4977.5,5014.25,4930.75,-,2.62%
2011-11-30,4836.25,4791.75,4856.5,4747.5,-,0.67%
2011-11-29,4804.25,4897,4904.5,4780.25,-,-1.44%
2011-11-28,4874.25,4768.5,4874.25,4748.75,-,3.63%
2011-11-25,4703.5,4734.25,4768.75,4678.5,-,-1.52%
2011-11-24,4776.25,4668,4790.25,4646.5,-,1.34%
2011-11-23,4713,4798,4798.5,4641.5,-,-2.18%
2011-11-22,4818,4794.75,4877.75,4779.25,-,0.65%
2011-11-21,4787,4892.5,4911.75,4783.5,-,-2.72%
2011-11-18,4920.75,4893.75,4929,4841.25,-,0.05%
2011-11-17,4918.25,5021.75,5048.25,4912,-,-3.12%
2011-11-16,5076.75,5066,5099.25,4995.75,-,0.46%
2011-11-15,5053.5,5115.5,5172.5,5053.5,-,-1.75%
2011-11-14,5143.75,5265,5279.5,5143.5,-,-0.99%
2011-11-11,5195,5159.75,5212,5146,-,0.82%
2011-11-10,5152.75,5108.75,5172,5037,-,-1.42%
2011-11-09,5227,5326.5,5349,5225.75,-,-1.50%
2011-11-08,5306.75,5301.75,5331.5,5266.5,-,0.84%
2011-11-07,5262.75,5270.5,5308.5,5262.75,-,-1.00%
2011-11-04,5316,5333.25,5374,5283,-,0.32%
2011-11-03,5299.25,5274.5,5307.25,5213.75,-,-0.02%
2011-11-02,5300.25,5226.75,5330.25,5211.75,-,0.48%
2011-11-01,5275,5315,5352,5253.75,-,-1.36%
2011-10-31,5347.5,5402.75,5406.75,5331,-,-0.65%
2011-10-28,5382.75,5431,5448.25,5355.25,-,0.97%
2011-10-27,5331,5220.5,5358,5219.5,-,0.89%
2011-10-26,5283.75,5205,5315,5188.25,-,0.69%
2011-10-25,5247.75,5151.75,5265,5110.5,-,2.45%
2011-10-24,5122.5,5140.75,5174,5113.5,-,1.19%
2011-10-21,5062.5,5107,5130.5,5037.75,-,-0.86%
2011-10-20,5106.5,5110.25,5115,5030.5,-,-0.83%
2011-10-19,5149,5066.25,5156.75,5061.75,-,2.00%
2011-10-18,5048.25,5060.5,5080.5,5009.25,-,-1.44%
2011-10-17,5122.25,5184.5,5188.75,5081,-,-0.21%
2011-10-14,5133,5059.75,5149.75,5057.25,-,1.38%
2011-10-13,5063.25,5151.25,5151.25,5063.25,-,-0.97%
2011-10-12,5112.75,4964.5,5121.25,4960.75,-,2.65%
2011-10-11,4981,5027.5,5056,4965.75,-,-0.26%
2011-10-10,4993.75,4922.5,5001.75,4887.5,-,2.20%
2011-10-07,4886.25,4871,4935.75,4869.5,-,0.37%
2011-10-06,4868.25,4833.25,4885.5,4833.25,-,2.17%
2011-10-05,4764.75,4795,4839.25,4741.75,-,-0.14%
2011-10-04,4771.25,4792,4880,4717.75,-,-1.85%
2011-10-03,4861.25,4874.25,4886,4805.75,-,-1.22%
2011-09-30,4921.5,5011,5026.5,4913.75,-,-2.25%
2011-09-29,5035,4908.5,5043,4901,-,2.00%
2011-09-28,4936.5,5014.75,5018.75,4905.75,-,-1.25%
2011-09-27,4999,4904.25,4999.25,4886.25,-,2.89%
2011-09-26,4858.75,4899,4904.75,4754.75,-,0.11%
2011-09-23,4853.25,4825.25,4933,4815,-,-0.97%
2011-09-22,4900.75,5077,5083.25,4894.75,-,-4.58%
2011-09-21,5136,5145.75,5172,5111,-,-0.59%
2011-09-20,5166.5,5041.25,5166.5,5022.25,-,2.48%
2011-09-19,5041.5,5069.25,5074.75,5009,-,-0.79%
2011-09-16,5081.75,5111,5152.75,5072.5,-,-0.27%
2011-09-15,5095.75,5054.5,5104.25,4957,-,1.31%
2011-09-14,5029.75,4991,5029.75,4904.25,-,1.80%
2011-09-13,4940.75,4975.5,5035.75,4899.75,-,-0.13%
2011-09-12,4947.25,4971.5,4973.75,4894.25,-,-1.73%
2011-09-09,5034.25,5165.25,5165.25,5034.25,-,-2.46%
2011-09-08,5161,5150,5169.75,5085.5,-,0.95%
2011-09-07,5112.5,5091.5,5144.25,5073.5,-,1.06%
2011-09-06,5059,4974,5067,4926.5,-,1.00%
2011-09-05,5008.75,4979,5018.5,4947.25,-,-0.67%
2011-09-02,5042.75,5054.25,5067,4984.5,-,0.53%
2011-09-01,5016.25,5016.25,5016.25,5016.25,-,0.13%
2011-08-30,5009.5,4967.25,5017,4923.5,-,1.30%
2011-08-29,4945,4760.5,4947.25,4758.5,-,4.25%
2011-08-26,4743.25,4860.5,4884.25,4712.75,-,-2.48%
2011-08-25,4863.75,4944.75,4944.75,4847,-,-0.31%
2011-08-24,4879,4943,4963.5,4869,-,-1.57%
2011-08-23,4956.75,4890.5,4971.75,4866.5,-,0.63%
2011-08-22,4925.75,4855.25,4925.75,4808,-,1.72%
2011-08-19,4842.5,4875.25,4900.5,4800.25,-,-1.69%
2011-08-18,4925.5,5053.75,5074.75,4925.5,-,-2.88%
2011-08-17,5071.5,5027.25,5123.75,5014.5,-,0.62%
2011-08-16,5040.5,5172.75,5185,5007.5,-,-0.82%
2011-08-15,5082,5082,5082,5082,-,0.01%
2011-08-12,5081.25,5187.5,5187.75,5048.75,-,-0.75%
2011-08-11,5119.75,5085.75,5179.5,5076,-,-0.41%
2011-08-10,5141,5143.25,5193.25,5114,-,1.04%
2011-08-09,5088.25,4954.75,5167.75,4858.5,-,-0.79%
2011-08-08,5128.75,5084.25,5204.5,5053.75,-,-1.55%
2011-08-05,5209.5,5180.25,5230.75,5113,-,-2.37%
2011-08-04,5336,5405.5,5436.25,5319.5,-,-1.60%
2011-08-03,5422.75,5376,5431,5375.5,-,-0.73%
2011-08-02,5462.5,5487.25,5501.25,5429.5,-,-1.20%
2011-08-01,5528.75,5544.75,5556,5486.25,-,0.82%
2011-07-29,5484,5477.75,5526.5,5426.75,-,-0.22%
2011-07-28,5496.25,5497.25,5523,5476.75,-,-1.04%
2011-07-27,5554.25,5579.75,5603.25,5523.75,-,-0.37%
2011-07-26,5574.75,5710.5,5732,5570.5,-,-2.37%
2011-07-25,5710.25,5635.5,5725.5,5623.75,-,1.19%
2011-07-22,5643.25,5600.25,5652,5571.75,-,1.73%
2011-07-21,5547.5,5574.5,5584.5,5531.25,-,-0.41%
2011-07-20,5570.5,5655,5663,5552.75,-,-0.93%
2011-07-19,5623,5569.25,5641.75,5554.25,-,1.02%
2011-07-18,5566.5,5572.5,5608.5,5547,-,-0.38%
2011-07-15,5588,5572.25,5640.25,5561.5,-,0.09%
2011-07-14,5583.25,5559.5,5667.5,5542.25,-,-0.42%
2011-07-13,5607,5562.5,5607,5540.5,-,1.47%
2011-07-12,5525.5,5576.5,5588.25,5498.25,-,-1.66%
2011-07-11,5618.5,5650.5,5662.5,5600.75,-,-0.69%
2011-07-08,5657.5,5756.5,5774.25,5657.5,-,-1.63%
2011-07-07,5751.25,5628.5,5751.25,5628.5,-,2.05%
2011-07-06,5635.75,5651.5,5668.75,5621.25,-,-0.34%
2011-07-05,5654.75,5675.25,5675.25,5627,-,-0.17%
2011-07-04,5664.5,5684.5,5695.5,5642.75,-,0.62%
2011-07-01,5629.75,5695.5,5711.25,5614.25,-,-0.38%
2011-06-30,5651.25,5639.25,5667.25,5619.25,-,0.21%
2011-06-29,5639.5,5611.75,5639.5,5594.25,-,1.28%
2011-06-28,5568.25,5564.75,5576.25,5510.5,-,0.27%
2011-06-27,5553.5,5474.75,5570,5426,-,1.30%
2011-06-24,5482.25,5333.75,5490.75,5325,-,3.06%
2011-06-23,5319.25,5281.75,5337,5262.75,-,0.64%
2011-06-22,5285.25,5315,5320.75,5269,-,0.22%
2011-06-21,5273.75,5266.25,5325.25,5251.75,-,0.29%
2011-06-20,5258.75,5360.25,5389.5,5182.75,-,-1.98%
2011-06-17,5364.75,5392.25,5419,5356.5,-,-0.58%
2011-06-16,5396.25,5406.25,5449.75,5381,-,-0.99%
2011-06-15,5450.25,5527.5,5529,5433.25,-,-1.23%
2011-06-14,5518,5471,5531.75,5460.25,-,0.46%
2011-06-13,5492.75,5453.75,5509.25,5431.75,-,0.12%
2011-06-10,5486.25,5535.25,5539.75,5443.25,-,-0.62%
2011-06-09,5520.5,5520.5,5538.25,5489,-,-0.08%
2011-06-08,5525,5554.5,5558.25,5507,-,-0.65%
2011-06-07,5561.25,5505.25,5578.25,5497.75,-,0.46%
2011-06-06,5536,5507.5,5544.75,5471.25,-,0.05%
2011-06-03,5533,5555.25,5608.75,5506.75,-,-0.48%
2011-06-02,5559.5,5535,5576.25,5523.75,-,-0.63%
2011-06-01,5594.5,5565,5595.5,5547.25,-,0.72%
2011-05-31,5554.5,5487.5,5563.5,5472.75,-,1.68%
2011-05-30,5462.5,5473.5,5491.25,5433.5,-,-0.14%
2011-05-27,5470.25,5410.75,5477.75,5399.25,-,1.48%
2011-05-26,5390.25,5357.25,5406,5344,-,0.81%
2011-05-25,5346.75,5355.5,5374.5,5330.25,-,-0.76%
2011-05-24,5387.5,5379.25,5414,5354.75,-,0.15%
2011-05-23,5379.25,5430.75,5449.5,5362.5,-,-1.79%
2011-05-20,5477.5,5441.5,5520.25,5425.75,-,0.82%
2011-05-19,5432.75,5447.25,5447.5,5401.25,-,0.12%
2011-05-18,5426.25,5446.25,5472.75,5393.25,-,-0.44%
2011-05-17,5450.25,5477.75,5516.75,5416.75,-,-0.52%
2011-05-16,5479,5531.25,5531.5,5469.75,-,-1.74%
2011-05-13,5576,5481.5,5620.5,5457,-,1.92%
2011-05-12,5470.75,5548.25,5571.5,5463,-,-1.44%
2011-05-11,5550.75,5560.75,5576.25,5519,-,0.21%
2011-05-10,5539.25,5543.5,5599.25,5511.75,-,-0.20%
2011-05-09,5550.5,5560.5,5587.25,5497.25,-,-0.01%
2011-05-06,5551,5455.25,5568,5437,-,2.14%
2011-05-05,5434.5,5485.75,5554.75,5426.25,-,-1.81%
2011-05-04,5534.75,5528,5584.75,5503.5,-,-0.41%
2011-05-03,5557.5,5688.75,5717.25,5546.75,-,-2.73%
2011-05-02,5713.5,5778.75,5802.5,5695.5,-,-0.51%
2011-04-29,5743,5811.75,5818,5713.5,-,-1.13%
2011-04-28,5808.5,5848,5861,5777.25,-,-0.42%
2011-04-27,5832.75,5922.25,5924.75,5821.5,-,-0.59%
2011-04-26,5867.25,5870.25,5908,5789.5,-,-0.09%
2011-04-25,5872.75,5908.5,5923.75,5872.75,-,-0.52%
2011-04-22,5903.5,5903.5,5903.5,5903.5,-,-0.11%
2011-04-21,5909.75,5889,5931.75,5880.25,-,0.61%
2011-04-20,5873.75,5788.75,5873.75,5764.75,-,2.13%
2011-04-19,5751.5,5690.25,5777,5681.25,-,0.34%
2011-04-18,5732.25,5821.75,5919.75,5723.5,-,-1.69%
2011-04-15,5830.75,5896.75,5915.75,5817.25,-,-1.98%
2011-04-13,5948.25,5741.25,5948.25,5734,-,2.67%
2011-04-11,5793.5,5852.5,5852.75,5793.5,-,-1.13%
2011-04-08,5859.75,5891.25,5928,5832,-,-0.64%
2011-04-07,5897.5,5914.75,5934.25,5882.25,-,-0.12%
2011-04-06,5904.75,5926.5,5972.75,5883.25,-,-0.40%
2011-04-05,5928.75,5955.25,5961.5,5872.5,-,-0.26%
2011-04-04,5944.5,5873.75,5954.25,5850.25,-,1.31%
2011-04-01,5867.5,5895,5895,5837.75,-,-0.08%
2011-03-31,5872,5867.75,5912,5822.5,-,0.24%
2011-03-30,5857.75,5810.5,5890,5801.25,-,1.31%
2011-03-29,5782.25,5722.5,5819.25,5709.75,-,0.87%
2011-03-28,5732.5,5717.5,5752,5681.75,-,0.95%
2011-03-25,5678.75,5586.5,5697.5,5573.75,-,2.22%
2011-03-24,5555.5,5513.75,5555.5,5454.5,-,0.97%
2011-03-23,5502.25,5416.75,5502.25,5403.25,-,1.19%
2011-03-22,5437.75,5395.5,5447.5,5386.5,-,0.87%
2011-03-21,5391,5373.75,5444,5359.25,-,0.25%
2011-03-18,5377.5,5508.5,5512.75,5377.5,-,-1.75%
2011-03-17,5473.5,5452.25,5528.25,5445.25,-,-1.11%
2011-03-16,5534.75,5493.25,5552.25,5475.25,-,1.60%
2011-03-15,5447.5,5525.75,5533.25,5337.25,-,-1.93%
2011-03-14,5554.75,5452.25,5563.25,5437.75,-,1.74%
2011-03-11,5460,5459,5512.75,5408.5,-,-0.86%
2011-03-10,5507.25,5521,5523.75,5465.5,-,-0.34%
2011-03-09,5526.25,5549,5572.25,5477.75,-,-0.21%
2011-03-08,5537.75,5447,5546.5,5446.25,-,0.91%
2011-03-07,5488,5504.5,5504.5,5401.25,-,-1.01%
2011-03-04,5544,5593.5,5609.25,5516.25,-,-0.05%
2011-03-03,5546.5,5499.75,5591.75,5472.75,-,-0.10%
2011-03-02,5552,5552,5552,5552,-,0.04%
2011-03-01,5549.75,5370.5,5558.25,5368.75,-,3.89%
2011-02-28,5342,5325.75,5496.75,5307.5,-,0.39%
2011-02-25,5321,5300.75,5342.25,5227.25,-,0.78%
2011-02-24,5279.75,5415.5,5445.25,5254.75,-,-2.96%
2011-02-23,5441,5440.5,5502.5,5424,-,-0.45%
2011-02-22,5465.5,5508,5516.75,5423.75,-,-0.92%
2011-02-21,5516.5,5450,5535,5410.25,-,0.97%
2011-02-18,5463.25,5565,5589.25,5435.75,-,-1.62%
2011-02-17,5553.25,5481.75,5553.25,5454,-,1.08%
2011-02-16,5493.75,5485.25,5504.25,5454,-,0.26%
2011-02-15,5479.75,5452.25,5498.75,5392.25,-,0.66%
2011-02-14,5444,5333.5,5460.75,5333.5,-,2.41%
2011-02-11,5315.75,5228.5,5324.75,5173,-,1.90%
2011-02-10,5216.75,5227.75,5278.5,5206.75,-,-1.12%
2011-02-09,5276,5316,5345.5,5222,-,-0.63%
2011-02-08,5309.25,5385.5,5411.5,5300.5,-,-1.67%
2011-02-07,5399.5,5367.25,5438,5355.5,-,0.40%
2011-02-04,5378,5524.25,5557.5,5353.25,-,-2.81%
2011-02-03,5533.25,5419.5,5541.75,5416.75,-,1.96%
2011-02-02,5426.75,5466.5,5503.5,5418.5,-,0.11%
2011-02-01,5421,5517,5537.5,5410.25,-,-1.88%
2011-01-31,5525,5475,5533.25,5428.75,-,-0.23%
2011-01-28,5538,5624,5624,5476.25,-,-1.45%
2011-01-27,5619.75,5707.75,5731.25,5609.75,-,-1.24%
2011-01-26,5690.25,5690.25,5690.25,5690.25,-,0.14%
2011-01-25,5682.25,5761.75,5793,5673.5,-,-0.99%
2011-01-24,5739.25,5696.5,5750.25,5683.75,-,0.63%
2011-01-21,5703.5,5688.5,5711.25,5664.75,-,-0.07%
2011-01-20,5707.75,5666,5736.75,5625.25,-,0.11%
2011-01-19,5701.5,5722.25,5747.75,5654.75,-,-0.48%
2011-01-18,5729.25,5668,5738,5663,-,1.17%
2011-01-17,5662.75,5656.25,5697.75,5627.5,-,0.16%
2011-01-14,5653.75,5753.25,5855,5635.25,-,-1.82%
2011-01-13,5758.5,5883,5894.5,5737.5,-,-2.01%
2011-01-12,5876.75,5800.5,5885.75,5706,-,1.35%
2011-01-11,5798.75,5769,5835.25,5695.75,-,0.85%
2011-01-10,5750,5890.75,5907.25,5740.5,-,-2.46%
2011-01-07,5895.25,6051,6078.75,5885.75,-,-2.92%
2011-01-06,6072.75,6131,6133.75,6043.75,-,-0.41%
2011-01-05,6097.5,6152.5,6165,6086.25,-,-0.84%
2011-01-04,6149.25,6202.5,6210.5,6146.25,-,-0.63%
2011-01-03,6188.25,6167.5,6214.5,6166.5,-,0.38%
2010-12-31,6165,6123,6184.75,6116.25,-,0.57%
2010-12-30,6130.25,6137.75,6139.75,6107.75,-,0.20%
2010-12-29,6117.75,6005.5,6117.75,6005,-,1.87%
2010-12-28,6005.5,6025.75,6038,5998.5,-,0.01%
2010-12-27,6004.75,6040.75,6063,6004,-,-0.60%
2010-12-24,6041,5998.75,6050.75,5970,-,0.72%
2010-12-23,5998,6007.75,6015,5979,-,0.01%
2010-12-22,5997.5,6022.75,6040.5,5977,-,-0.18%
2010-12-21,6008.5,5963.5,6017.75,5947,-,1.00%
2010-12-20,5949,5963.5,5996.5,5892.75,-,-0.08%
2010-12-16,5953.5,5895.25,5972.5,5856.25,-,1.00%
2010-12-15,5894.5,5967,5973.25,5866.25,-,-1.02%
2010-12-14,5955.25,5922.5,5965.25,5903.25,-,0.47%
2010-12-13,5927.25,5855.25,5936.25,5796.75,-,0.92%
2010-12-10,5873,5770.5,5882.25,5745,-,1.53%
2010-12-09,5784.25,5935.5,5950.5,5755.5,-,-2.26%
2010-12-08,5917.75,5991.75,6001.25,5888.75,-,-1.64%
2010-12-07,6016.5,5982.5,6016.5,5948.25,-,0.56%
2010-12-06,5982.75,6052,6091.75,5982.75,-,-0.52%
2010-12-03,6014.25,6018.25,6023.25,5967.75,-,-0.15%
2010-12-02,6023,6030.25,6051.25,5987.5,-,0.78%
2010-12-01,5976.25,5872.5,5985.75,5863.75,-,1.66%
2010-11-30,5878.5,5833.5,5909.25,5773.5,-,0.53%
2010-11-29,5847.75,5745,5862.75,5744.75,-,1.54%
2010-11-26,5759.25,5842.75,5859.25,5722.25,-,-1.57%
2010-11-25,5851.25,5912.5,5935.75,5821.5,-,-0.10%
2010-11-24,5857.25,5915,5984.75,5829.75,-,-1.25%
2010-11-23,5931.25,5989,5990,5817.75,-,-1.12%
2010-11-22,5998.25,5900.25,6026.25,5900.25,-,1.94%
2010-11-19,5884.25,6057.25,6057.5,5860.5,-,-2.43%
2010-11-18,6030.75,5998.25,6051.25,5919.5,-,0.85%
2010-11-17,5979.75,5979.75,5979.75,5979.75,-,0.02%
2010-11-16,5978.75,6132.5,6132.5,5968.5,-,-2.44%
2010-11-15,6128.5,6080,6147.5,6058.5,-,0.83%
2010-11-12,6078.25,6195.25,6238,6069,-,-2.49%
2010-11-11,6233.5,6273.5,6316.25,6204.5,-,-1.15%
2010-11-10,6305.75,6333.75,6342.75,6293.75,-,-0.77%
2010-11-09,6354.5,6298,6354.5,6258.75,-,0.88%
2010-11-08,6299.25,6333,6350,6279.5,-,-0.41%
2010-11-05,6325.05,6341,6349,6316.6,4.13M,0.17%
2010-11-04,6314.5,6215,6314.5,6214.75,-,1.76%
2010-11-03,6205,6181.25,6215.25,6161.5,-,0.91%
2010-11-02,6149,6150,6173.75,6128,-,-0.04%
2010-11-01,6151.75,6062.25,6172.25,6061,-,1.98%
2010-10-29,6032.25,6041.25,6063.25,5965.25,-,-0.50%
2010-10-28,6062.75,6055,6120.75,6033.5,-,0.00%
2010-10-27,6062.75,6124,6153.25,6025.25,-,-1.09%
2010-10-26,6129.75,6185,6187.25,6120.25,-,-0.03%
2010-10-25,6131.75,6087.5,6179.75,6084.75,-,0.75%
2010-10-22,6086,6160.25,6160.25,6054.5,-,-0.60%
2010-10-21,6122.75,6025,6151.5,6002.5,-,1.93%
2010-10-20,6007,5991,6073,5986,-,-0.13%
2010-10-19,6014.75,6149.75,6164.25,6014.75,-,-1.94%
2010-10-18,6133.5,6070,6133.5,6003.25,-,0.86%
2010-10-15,6081.25,6161.5,6221.75,6072,-,-1.74%
2010-10-14,6189.25,6300.75,6314.25,6180.25,-,-1.34%
2010-10-13,6273.25,6127.25,6282.75,6120.25,-,2.68%
2010-10-12,6109.5,6163,6164,6081.25,-,-0.68%
2010-10-11,6151.5,6167.5,6195.75,6134,-,0.25%
2010-10-08,6136.25,6153.5,6167.25,6096.5,-,-0.10%
2010-10-07,6142.5,6199.75,6237,6132.75,-,-1.15%
2010-10-06,6214,6218.25,6241.75,6182.75,-,0.66%
2010-10-05,6173.5,6173.75,6221.25,6165,-,-0.07%
2010-10-04,6178,6162.5,6245,6141.75,-,-0.03%
2010-10-01,6180,6031.25,6180,6031.25,-,2.68%
2010-09-30,6018.5,6015,6039.75,5983.5,-,0.00%
2010-09-29,6018.75,6078.5,6098.5,6009.5,-,-0.87%
2010-09-28,6071.75,6061.75,6082.25,6021,-,0.16%
2010-09-27,6061.75,6074,6090.5,6042.5,-,0.61%
2010-09-24,6025,5967.5,6044.75,5955.25,-,1.14%
2010-09-23,5957,6007.25,6018.75,5939.5,-,-0.68%
2010-09-22,5997.5,6016,6071.75,5950.5,-,-0.17%
2010-09-21,6007.5,5997.25,6039.25,5967.75,-,0.21%
2010-09-20,5994.75,5886.5,6003.75,5879,-,1.46%
2010-09-17,5908.5,5854.75,5908.5,5829.25,-,1.13%
2010-09-16,5842.75,5849,5910.75,5818.25,-,-0.16%
2010-09-15,5852.25,5818.5,5872.25,5802.75,-,0.65%
2010-09-14,5814.5,5755.5,5839.5,5749.75,-,0.97%
2010-09-13,5758.5,5676.5,5776.25,5663.75,-,2.31%
2010-09-09,5628.75,5615,5638.25,5594,-,0.61%
2010-09-08,5594.75,5570.5,5620.25,5565.5,-,0.17%
2010-09-07,5585.25,5584.75,5610.75,5570.5,-,0.24%
2010-09-06,5571.75,5503.25,5589,5499,-,1.55%
2010-09-03,5486.75,5505.5,5534,5470.25,-,0.02%
2010-09-02,5485.5,5512.5,5518.5,5477.5,-,0.23%
2010-09-01,5473,5412,5485.25,5407.75,-,1.32%
2010-08-31,5401.5,5391,5408.75,5348.25,-,-0.43%
2010-08-30,5424.75,5440,5463.25,5389.25,-,0.17%
2010-08-27,5415.75,5460.5,5489.9,5398.05,22.36M,-1.05%
2010-08-26,5473,5457.75,5486.75,5455.75,-,0.10%
2010-08-25,5467.75,5480.5,5504,5458.5,-,-0.73%
2010-08-24,5507.75,5524,5534.75,5474.75,-,-0.41%
2010-08-23,5530.5,5521.5,5545.5,5512.25,-,0.20%
2010-08-20,5519.5,5494,5535.25,5493.75,-,-0.26%
2010-08-19,5534,5478.5,5534,5478.5,-,0.79%
2010-08-18,5490.75,5447.5,5490.75,5413.75,-,1.25%
2010-08-17,5423,5416.5,5440.25,5405.5,-,0.18%
2010-08-16,5413.25,5432.25,5472.25,5387.25,-,-0.66%
2010-08-13,5449,5424,5476.75,5409.25,-,0.63%
2010-08-12,5414.75,5368,5424.5,5352.75,-,0.21%
2010-08-11,5403.5,5441.75,5464.75,5394.25,-,-1.11%
2010-08-10,5464,5480.5,5490.25,5438.75,-,-0.31%
2010-08-09,5480.75,5430.5,5489,5420.75,-,0.64%
2010-08-06,5445.75,5436.25,5475.75,5429,-,-0.27%
2010-08-05,5460.5,5485.75,5486.25,5452,-,-0.01%
2010-08-04,5461.25,5439.5,5469.5,5419.75,-,0.46%
2010-08-03,5436,5454.75,5468.5,5418.25,-,-0.07%
2010-08-02,5439.75,5412.5,5439.75,5400,-,1.77%
2010-07-30,5345.25,5400,5414.5,5345.25,-,-1.18%
2010-07-29,5408.9,5397,5415,5382.55,16.09M,0.27%
2010-07-28,5394.4,5444,5445.35,5385.15,20.03M,-0.70%
2010-07-27,5432.5,5451.5,5459.5,5411.5,-,0.32%
2010-07-26,5415.25,5521.75,5521.75,5415.25,-,-0.43%
2010-07-23,5438.5,5477.5,5485.25,5429.5,-,-0.22%
2010-07-22,5450.5,5382.75,5458.75,5373.5,-,1.06%
2010-07-21,5393.5,5390.5,5411.5,5374.75,-,0.80%
2010-07-20,5350.75,5373.25,5409.5,5342.5,-,-0.67%
2010-07-19,5386.75,5357.5,5414.75,5356,-,-0.43%
2010-07-16,5410,5382.5,5410,5370,-,0.46%
2010-07-15,5385.25,5391.75,5411.5,5360.25,-,0.03%
2010-07-14,5383.75,5461.5,5463.5,5373.75,-,-0.50%
2010-07-13,5410.75,5403.5,5419.5,5357.75,-,0.52%
2010-07-12,5382.5,5345.5,5416,5345.5,-,0.46%
2010-07-09,5358,5316,5366.5,5313.25,-,1.03%
2010-07-08,5303.25,5314.5,5337.5,5301.25,-,1.12%
2010-07-07,5244.75,5280.25,5305.25,5228.5,-,-0.99%
2010-07-06,5297,5214,5312.75,5196.25,-,1.03%
2010-07-05,5243,5233.25,5260,5215.75,-,0.06%
2010-07-02,5240,5234,5276.75,5229.25,-,-0.18%
2010-07-01,5249.25,5296.75,5316.75,5224.25,-,-1.21%
2010-06-30,5313.75,5217.75,5321.75,5186.25,-,1.05%
2010-06-29,5258.5,5347.25,5354.25,5233.75,-,-1.54%
2010-06-28,5341,5284.75,5341,5283.25,-,1.27%
2010-06-25,5274,5281.5,5327.25,5265.75,-,-0.42%
2010-06-24,5296,5327.5,5352.75,5287.75,-,-0.95%
2010-06-23,5346.75,5277.25,5346.75,5277.25,-,0.50%
2010-06-22,5320,5340.5,5359,5312,-,-0.61%
2010-06-21,5352.5,5296.5,5378,5296.25,-,1.79%
2010-06-18,5258.5,5274,5296.25,5250.25,-,-0.82%
2010-06-17,5302,5236.5,5302,5205.5,-,1.52%
2010-06-16,5222.75,5248.75,5260.25,5213,-,-0.11%
2010-06-15,5228.25,5227,5246.25,5174.75,-,0.35%
2010-06-14,5210.25,5144.75,5215.5,5132.5,-,2.05%
2010-06-11,5105.75,5132.75,5155.75,5092.5,-,0.44%
2010-06-10,5083.5,5010.25,5091.25,5000,-,1.66%
2010-06-09,5000.25,4957.5,5041.25,4938,-,0.97%
2010-06-08,4952.25,5003.25,5048.5,4927.5,-,-1.40%
2010-06-07,5022.5,4991.25,5024.25,4975.25,-,-1.84%
2010-06-04,5116.75,5092.25,5133.25,5068.5,-,0.38%
2010-06-03,5097.25,5056.25,5106,5048,-,1.86%
2010-06-02,5004.25,4943.75,5013.5,4925.25,-,1.23%
2010-06-01,4943.5,5021.75,5043.5,4925.5,-,-2.30%
2010-05-31,5060,5025.25,5068,5010.25,-,0.31%
2010-05-28,5044.25,5042,5062.75,4995.75,-,1.24%
2010-05-27,4982.25,4867,4989.75,4854.25,-,1.79%
2010-05-26,4894.75,4855,4908,4840.25,-,1.81%
2010-05-25,4807.5,4894.25,4894.75,4783,-,-2.35%
2010-05-24,4923,4951.5,5019.5,4910.25,-,0.25%
2010-05-21,4910.75,4845.5,4935.5,4823.5,-,-0.59%
2010-05-20,4939.75,4908.25,4971.25,4908.25,-,0.34%
2010-05-19,4923,4997.75,5013.25,4894,-,-2.64%
2010-05-18,5056.5,5035.75,5100.75,5013.75,-,0.15%
2010-05-17,5048.75,5029.5,5068.75,4960.25,-,-0.03%
2010-05-14,5050.25,5135.75,5199.5,5042.5,-,-2.54%
2010-05-13,5181.75,5188.75,5221.25,5165.75,-,0.66%
2010-05-12,5148,5145,5168,5084.5,-,0.37%
2010-05-11,5129.25,5194.5,5233.5,5122.25,-,-1.34%
2010-05-10,5199,5019.75,5214.75,5011.25,-,3.30%
2010-05-07,5033,4937.5,5041.25,4930.75,-,-1.27%
2010-05-06,5097.5,5103.25,5113.25,5016.5,-,-0.34%
2010-05-05,5115,5071.75,5123.5,5043.75,-,-0.23%
2010-05-04,5126.75,5272.5,5272.5,5108.5,-,-1.80%
2010-05-03,5220.5,5223.25,5242.75,5196,-,-0.73%
2010-04-30,5259,5278.25,5286.75,5250.25,-,0.11%
2010-04-29,5253.25,5248.5,5261.25,5217.25,-,0.52%
2010-04-28,5226.25,5215.5,5274,5193.5,-,-1.56%
2010-04-27,5309.25,5314,5333.75,5302.25,-,-0.32%
2010-04-26,5326.25,5334,5357.25,5310.25,-,0.30%
2010-04-23,5310.5,5259.5,5312.75,5259.5,-,1.10%
2010-04-22,5252.5,5195,5341,5195,-,0.11%
2010-04-21,5246.5,5259.5,5268.75,5229.25,-,0.35%
2010-04-20,5228.25,5219.75,5253.5,5203.25,-,0.63%
2010-04-19,5195.5,5184.75,5222.5,5158.25,-,-1.00%
2010-04-16,5248,5284.75,5293,5244.25,-,-0.71%
2010-04-15,5285.5,5381.25,5388.75,5266,-,-0.75%
2010-04-13,5325.5,5339.5,5342,5308.25,-,-0.39%
2010-04-12,5346.5,5369.75,5399,5320.75,-,-0.44%
2010-04-09,5370.25,5305.25,5386.5,5292,-,1.62%
2010-04-08,5284.5,5358,5370.25,5284.5,-,-1.73%
2010-04-07,5377.75,5365.5,5399,5343,-,0.00%
2010-04-06,5377.5,5365.25,5388,5352,-,0.25%
2010-04-05,5364.25,5337.25,5372.5,5323,-,1.30%
2010-04-01,5295.5,5264.5,5320,5264.5,-,0.74%
2010-03-31,5256.75,5285,5293.75,5240.75,-,-0.21%
2010-03-30,5267.75,5321.25,5336,5259.25,-,-0.97%
2010-03-29,5319.5,5292.75,5344,5259.75,-,0.51%
2010-03-26,5292.75,5268.25,5308.25,5257,-,0.47%
2010-03-25,5268.25,5214.25,5268.25,5198.75,-,0.88%
2010-03-23,5222.5,5239.75,5243.25,5192,-,0.42%
2010-03-22,5200.5,5236.25,5239,5191.5,-,-1.23%
2010-03-19,5265.5,5270,5271.75,5248.25,-,0.30%
2010-03-18,5249.75,5249.5,5264.25,5221.5,-,0.14%
2010-03-17,5242.25,5233.5,5272.5,5220.75,-,0.76%
2010-03-16,5202.75,5137.75,5223.25,5122.75,-,1.44%
2010-03-15,5128.75,5134,5143.5,5105,-,-0.46%
2010-03-12,5152.5,5152.75,5161.5,5127.5,-,0.09%
2010-03-11,5148,5157,5161,5102.5,-,0.48%
2010-03-10,5123.5,5109.75,5138.5,5094,-,0.88%
2010-03-09,5079,5109.5,5143.75,5079,-,-0.65%
2010-03-08,5112,5126.25,5153.5,5102.75,-,0.26%
2010-03-05,5098.75,5120,5126,5063.75,-,0.23%
2010-03-04,5087.25,5086.5,5097,5050.25,-,0.15%
2010-03-03,5079.5,5026.25,5087.75,5011.25,-,0.68%
2010-03-02,5045.25,4969,5045.25,4959.75,-,2.18%
2010-03-01,4937.75,4937.75,4937.75,4937.75,-,0.08%
2010-02-26,4933.75,4840,4999.75,4838.25,-,1.45%
2010-02-25,4863.25,4877.75,4899,4822.75,-,0.10%
2010-02-24,4858.5,4820,4880.75,4801,-,-0.47%
2010-02-23,4881.5,4858,4889,4821.75,-,0.61%
2010-02-22,4852,4897,4924.25,4842.25,-,0.24%
2010-02-19,4840.5,4907.75,4907.75,4793.75,-,-0.83%
2010-02-18,4881,4898.75,4928.25,4873,-,-0.38%
2010-02-17,4899.75,4895.25,4929.25,4878,-,0.51%
2010-02-16,4874.75,4805.5,4892,4786.5,-,1.70%
2010-02-15,4793.5,4833,4846.75,4774.25,-,-0.89%
2010-02-11,4836.5,4763,4849.75,4762.75,-,0.92%
2010-02-10,4792.5,4853.5,4882.75,4737.5,-,0.17%
2010-02-09,4784.5,4749,4815.25,4731,-,0.61%
2010-02-08,4755.5,4714.25,4797,4658.75,-,0.13%
2010-02-06,4749.35,4725,4769.8,4725,4.18M,1.26%
2010-02-05,4690.25,4690.25,4690.25,4690.25,-,-2.81%
2010-02-04,4825.75,4885.75,4911,4817.25,-,-1.82%
2010-02-03,4915.25,4862.25,4942.5,4842.75,-,2.02%
2010-02-02,4818,4947.25,4954,4802.5,-,-1.55%
2010-02-01,4893.75,4865,4915.5,4815.75,-,0.35%
2010-01-29,4876.75,4798,4884.75,4752.25,-,-0.31%
2010-01-28,4891.75,4829.75,4932.75,4824.25,-,1.13%
2010-01-27,4837.25,5006.5,5006.5,4819.75,-,-3.38%
2010-01-26,5006.5,5006.5,5006.5,5006.5,-,0.03%
2010-01-25,5005,5006.5,5035.75,4956.75,-,0.00%
2010-01-22,5005.25,5016.75,5067.75,4941.25,-,-1.57%
2010-01-21,5085.25,5085.25,5085.25,5085.25,-,-2.41%
2010-01-20,5210.75,5213,5274,5189,-,-0.04%
2010-01-19,5212.75,5310.25,5310.25,5205.75,-,-0.96%
2010-01-18,5263.5,5223.75,5289.25,5204.5,-,0.15%
2010-01-15,5255.5,5291.25,5291.5,5244.75,-,-0.10%
2010-01-14,5261,5246.5,5274.75,5241.5,-,0.47%
2010-01-13,5236.25,5193,5244,5171.75,-,0.62%
2010-01-12,5204,5257.75,5281.75,5196,-,-0.98%
2010-01-11,5255.75,5252.5,5317.5,5248.75,-,0.05%
2010-01-08,5253,5259.25,5290.5,5237,-,-0.11%
2010-01-07,5259,5305.5,5305.5,5245.75,-,-0.52%
2010-01-06,5286.75,5312.75,5312.75,5266,-,0.29%
2010-01-05,5271.25,5287.5,5311.5,5263.75,-,0.78%
2010-01-04,5230.5,5208,5245.5,5200.75,-,0.43%
2010-01-01,5208,5208,5208,5208,-,-0.01%
